fileid,Alarm_bell_ringing,Blender,Cat,Dishes,Dog,Electric_shaver_toothbrush,Frying,Running_water,Speech,Vacuum_cleaner
melspec_1351.npy,0,0,0,1,0,0,0,0,1,0
melspec_1356.npy,0,0,0,0,0,1,0,0,0,0
melspec_1355.npy,0,0,0,0,1,0,0,0,1,0
melspec_1354.npy,0,0,0,0,0,0,0,1,1,0
melspec_135.npy,0,0,0,0,0,0,0,0,0,0
melspec_1352.npy,1,0,0,0,0,0,0,0,1,0
melspec_1353.npy,1,0,0,0,0,0,0,0,0,0
melspec_1357.npy,0,0,1,0,0,0,0,0,1,0
melspec_1349.npy,0,1,0,0,0,0,0,0,1,0
melspec_1350.npy,0,0,0,1,0,0,0,0,1,0
melspec_1346.npy,0,0,0,0,1,0,0,0,1,0
melspec_1341.npy,0,0,0,0,1,0,0,0,1,0
melspec_1342.npy,0,0,0,0,0,0,0,0,1,0
melspec_142.npy,0,0,0,0,1,0,0,0,1,0
melspec_1417.npy,0,0,0,0,0,0,0,0,1,0
melspec_1416.npy,0,0,0,0,1,0,0,0,0,0
melspec_1415.npy,1,0,0,1,1,0,0,0,1,0
melspec_1419.npy,0,0,0,0,0,0,0,0,1,0
melspec_1413.npy,1,0,0,0,0,0,0,0,1,0
melspec_1412.npy,0,0,0,0,0,0,0,0,1,0
melspec_1411.npy,0,0,0,0,0,0,0,0,1,1
melspec_1414.npy,1,0,0,1,1,0,0,0,1,0
melspec_1418.npy,0,0,0,0,0,0,0,1,1,0
melspec_1409.npy,0,0,0,0,0,1,0,0,1,0
melspec_1405.npy,0,0,0,0,0,0,0,0,1,1
melspec_1408.npy,1,0,0,0,1,0,0,0,1,0
melspec_1404.npy,0,1,0,0,0,0,0,0,1,0
melspec_1407.npy,1,0,0,0,0,1,0,0,1,0
melspec_1402.npy,0,0,0,0,0,0,0,0,1,0
melspec_141.npy,0,0,1,0,0,0,0,0,1,0
melspec_1403.npy,0,0,0,0,1,0,0,0,1,0
melspec_1406.npy,0,0,0,0,0,1,0,0,1,0
melspec_1410.npy,0,0,0,0,0,0,0,0,1,1
melspec_140.npy,1,0,0,0,0,0,0,0,1,0
melspec_1395.npy,0,1,0,0,1,0,0,0,1,0
melspec_14.npy,1,0,0,0,0,0,0,0,1,0
melspec_1394.npy,0,0,0,0,0,1,0,0,1,0
melspec_1397.npy,0,0,0,1,1,0,0,1,1,0
melspec_1396.npy,1,0,0,0,1,0,0,0,1,0
melspec_1398.npy,0,0,0,0,1,0,0,0,1,0
melspec_1400.npy,0,0,0,0,0,0,0,0,1,0
melspec_1399.npy,0,0,0,1,0,0,0,0,1,0
melspec_1401.npy,0,0,0,0,0,0,0,0,1,0
melspec_1386.npy,0,0,0,0,0,0,1,0,1,0
melspec_1389.npy,0,0,0,0,0,0,0,0,0,0
melspec_1390.npy,0,0,1,0,0,0,0,0,1,0
melspec_1388.npy,1,0,0,0,1,0,0,0,1,0
melspec_1385.npy,1,1,0,0,0,0,0,0,1,0
melspec_1392.npy,0,0,0,0,0,0,0,0,1,0
melspec_1393.npy,0,0,0,0,1,0,0,0,1,0
melspec_139.npy,0,0,0,0,1,0,0,0,1,0
melspec_1387.npy,0,1,0,0,0,0,0,0,1,0
melspec_1391.npy,0,0,0,0,0,0,0,0,1,0
melspec_1383.npy,0,0,0,0,0,0,0,0,1,0
melspec_1380.npy,0,0,0,0,0,0,1,0,0,0
melspec_1384.npy,1,0,0,0,0,0,0,0,1,0
melspec_1378.npy,0,0,0,1,0,0,1,0,1,0
melspec_1379.npy,1,0,0,0,0,0,0,0,1,0
melspec_1377.npy,0,0,0,0,0,0,0,0,1,0
melspec_1376.npy,1,0,0,1,1,0,0,0,1,0
melspec_1381.npy,0,0,0,0,0,0,0,0,1,0
melspec_138.npy,0,0,0,0,0,0,0,0,1,0
melspec_1382.npy,0,0,0,0,0,0,1,0,1,0
melspec_1375.npy,1,0,0,0,0,0,0,1,1,0
melspec_1367.npy,0,0,0,0,0,0,0,0,1,0
melspec_137.npy,1,0,0,0,0,0,0,0,1,0
melspec_1368.npy,0,0,0,0,0,0,0,0,0,0
melspec_1371.npy,0,0,0,0,0,0,0,0,1,0
melspec_1372.npy,0,0,0,1,0,0,1,0,1,0
melspec_1374.npy,0,0,0,0,1,0,0,0,1,0
melspec_1369.npy,0,0,0,0,0,0,0,0,1,1
melspec_1373.npy,0,0,0,0,0,0,0,0,1,0
melspec_1370.npy,1,0,0,0,0,0,0,0,1,0
melspec_1365.npy,0,0,0,0,0,0,0,0,1,0
melspec_1359.npy,0,0,0,0,0,0,0,0,1,0
melspec_1361.npy,1,0,0,0,0,0,0,0,0,0
melspec_1363.npy,0,0,0,0,0,0,0,0,1,1
melspec_1360.npy,0,0,0,1,1,0,0,0,1,0
melspec_1358.npy,0,0,0,1,0,0,1,0,1,0
melspec_136.npy,0,0,0,1,0,0,0,0,1,0
melspec_1362.npy,0,0,0,0,0,1,0,0,1,0
melspec_1364.npy,1,0,0,0,0,0,0,0,1,0
melspec_1366.npy,0,0,0,0,1,0,0,0,1,0
melspec_1452.npy,0,0,0,0,0,0,0,0,1,1
melspec_1456.npy,0,0,0,0,0,0,0,0,1,0
melspec_1453.npy,0,0,0,1,0,0,0,0,1,0
melspec_1448.npy,0,0,0,0,0,0,0,0,1,0
melspec_1454.npy,1,0,0,1,0,0,0,0,1,0
melspec_1449.npy,1,0,0,1,0,1,0,0,1,0
melspec_1451.npy,0,0,0,1,0,0,0,0,1,0
melspec_145.npy,0,0,0,0,0,0,0,0,1,0
melspec_1455.npy,0,0,0,1,0,0,0,0,1,0
melspec_1450.npy,0,0,0,0,0,1,0,0,1,0
melspec_1445.npy,0,0,0,1,0,0,1,0,1,0
melspec_1447.npy,0,0,0,0,0,0,0,1,1,0
melspec_1442.npy,0,0,0,0,0,0,0,0,1,0
melspec_1439.npy,0,0,0,0,1,0,0,0,1,0
melspec_144.npy,0,0,0,0,1,0,0,0,1,0
melspec_1441.npy,1,0,0,0,0,1,0,0,1,0
melspec_1446.npy,1,0,0,0,0,0,0,0,1,0
melspec_1440.npy,1,0,0,0,0,0,0,1,1,0
melspec_1443.npy,0,0,0,1,0,0,0,0,1,0
melspec_1444.npy,0,0,0,0,0,0,1,0,1,0
melspec_1433.npy,1,0,0,0,0,0,0,0,1,0
melspec_1437.npy,0,0,1,0,1,0,0,0,1,0
melspec_1438.npy,0,0,0,1,0,0,0,0,1,0
melspec_1431.npy,0,0,0,0,0,0,0,0,1,1
melspec_1436.npy,0,0,0,0,0,0,0,0,1,1
melspec_1435.npy,1,0,0,0,0,0,0,0,1,0
melspec_1434.npy,0,1,0,0,0,0,0,0,1,0
melspec_1430.npy,0,0,0,1,0,0,1,0,1,0
melspec_143.npy,0,0,0,0,0,0,0,0,1,0
melspec_1432.npy,0,0,0,0,0,0,0,0,1,0
melspec_1421.npy,0,0,0,0,0,0,0,0,1,1
melspec_1422.npy,1,0,0,0,0,0,0,0,1,0
melspec_1426.npy,0,0,1,0,0,0,0,0,1,0
melspec_1427.npy,0,0,0,0,0,0,0,0,1,0
melspec_1428.npy,0,0,0,0,0,1,0,0,1,0
melspec_1429.npy,1,0,0,0,0,0,0,0,1,0
melspec_1424.npy,0,0,0,0,0,0,0,0,1,0
melspec_1425.npy,0,0,0,0,0,0,0,0,1,0
melspec_1423.npy,0,0,0,0,1,0,0,0,1,0
melspec_1420.npy,0,0,0,0,0,1,0,0,1,0
melspec_1494.npy,0,0,0,0,0,1,0,0,1,0
melspec_15.npy,0,0,0,1,0,0,0,0,1,0
melspec_1498.npy,0,0,1,0,0,0,0,0,1,0
melspec_1487.npy,0,0,0,1,0,0,0,0,1,0
melspec_149.npy,0,1,0,0,0,0,0,0,1,0
melspec_1492.npy,0,0,0,0,0,0,0,0,1,0
melspec_1490.npy,0,0,0,0,0,1,0,0,1,0
melspec_1484.npy,0,0,0,0,0,0,0,0,1,1
melspec_1489.npy,0,0,0,1,0,0,0,0,1,0
melspec_1486.npy,0,0,0,0,0,0,0,0,1,1
melspec_1488.npy,1,0,0,1,0,0,0,0,1,0
melspec_1491.npy,0,0,0,0,0,0,0,0,1,1
melspec_1485.npy,1,0,0,0,0,0,0,0,1,0
melspec_1481.npy,0,0,0,1,0,0,0,0,1,0
melspec_1479.npy,0,0,0,1,1,0,0,0,1,0
melspec_1482.npy,0,0,0,1,0,0,1,0,1,0
melspec_1480.npy,0,0,0,0,0,0,0,1,1,0
melspec_148.npy,0,0,0,1,0,0,0,1,1,0
melspec_1483.npy,0,0,1,0,0,0,0,0,1,0
melspec_1478.npy,0,1,0,0,0,0,0,0,1,0
melspec_1476.npy,0,0,0,0,0,0,0,0,1,0
melspec_1477.npy,0,0,0,0,0,0,0,0,0,0
melspec_1475.npy,1,0,0,0,0,0,0,0,1,1
melspec_1468.npy,1,0,0,0,0,0,0,0,1,0
melspec_147.npy,0,0,0,1,0,0,0,0,1,0
melspec_1474.npy,0,0,0,0,0,0,0,0,1,0
melspec_1467.npy,1,0,0,0,0,0,0,0,1,0
melspec_1472.npy,1,0,0,0,0,1,0,0,1,0
melspec_1470.npy,0,0,0,1,0,0,1,0,1,0
melspec_1466.npy,0,0,0,0,1,0,0,0,1,0
melspec_1471.npy,0,0,0,0,0,0,0,1,1,0
melspec_1473.npy,1,0,0,1,0,0,1,0,1,0
melspec_1469.npy,1,0,0,0,0,0,0,0,1,0
melspec_146.npy,0,0,0,1,0,0,0,0,1,0
melspec_1457.npy,0,0,0,0,1,0,0,0,1,0
melspec_1461.npy,1,0,0,0,0,0,0,0,1,0
melspec_1463.npy,0,0,0,0,0,0,0,1,1,0
melspec_1465.npy,0,1,0,0,0,0,0,0,1,0
melspec_1459.npy,1,0,0,0,1,0,0,0,0,0
melspec_1462.npy,1,0,0,0,1,0,0,0,1,0
melspec_1460.npy,0,0,1,0,0,0,0,0,1,0
melspec_1458.npy,0,1,0,0,0,0,0,0,1,0
melspec_1464.npy,0,1,0,1,0,0,1,0,1,0
melspec_1014.npy,0,0,0,0,1,0,0,0,1,0
melspec_1149.npy,0,0,0,0,1,0,0,0,1,0
melspec_1167.npy,1,0,0,0,0,0,0,0,1,0
melspec_1157.npy,0,0,0,0,0,0,0,0,1,1
melspec_1105.npy,0,0,0,0,1,0,0,0,1,0
melspec_1235.npy,0,0,0,1,0,0,1,0,1,0
melspec_1140.npy,0,0,0,1,0,0,0,0,1,0
melspec_1064.npy,0,1,0,0,0,0,0,0,1,1
melspec_1194.npy,0,0,0,1,0,0,0,1,1,0
melspec_1516.npy,1,0,0,0,0,0,0,0,1,0
melspec_1232.npy,1,0,0,0,1,0,0,0,1,0
melspec_1009.npy,0,0,0,0,0,0,0,0,1,1
melspec_1225.npy,0,0,0,0,0,0,0,0,1,0
melspec_1116.npy,0,0,0,1,0,0,1,0,1,0
melspec_1016.npy,0,1,0,0,0,0,0,0,1,0
melspec_1298.npy,0,0,0,0,0,0,0,0,1,1
melspec_1254.npy,0,0,0,0,0,0,0,0,1,0
melspec_1215.npy,0,0,0,0,0,0,0,0,1,0
melspec_1327.npy,0,0,0,0,0,0,0,1,1,0
melspec_1208.npy,0,0,0,0,0,0,0,0,0,1
melspec_1099.npy,0,0,0,0,0,1,0,0,1,0
melspec_1056.npy,1,0,0,0,0,0,0,0,1,0
melspec_1034.npy,0,0,0,1,0,0,0,0,1,0
melspec_1039.npy,1,0,0,0,0,0,0,0,1,0
melspec_1002.npy,0,0,0,0,1,0,0,0,1,0
melspec_1283.npy,0,0,0,0,0,1,0,0,1,0
melspec_1085.npy,0,0,0,0,0,0,0,1,1,0
melspec_1276.npy,0,0,0,1,0,0,1,0,1,0
melspec_1062.npy,1,0,0,0,0,0,0,0,1,0
melspec_1035.npy,0,1,0,0,0,0,0,0,1,0
melspec_1249.npy,0,0,0,0,0,0,0,1,1,0
melspec_119.npy,1,0,0,0,0,1,0,0,1,0
melspec_1103.npy,0,0,0,0,0,1,0,0,1,0
melspec_1267.npy,0,0,0,0,0,1,0,0,1,0
melspec_1161.npy,0,0,0,0,1,0,0,0,1,0
melspec_1051.npy,0,0,0,1,0,0,1,0,1,0
melspec_1493.npy,0,0,0,1,0,0,0,0,1,0
melspec_1264.npy,0,0,0,1,0,0,0,1,1,0
melspec_1122.npy,0,0,0,0,1,0,0,0,1,0
melspec_1162.npy,1,0,0,0,0,0,0,0,1,0
melspec_1220.npy,0,0,0,0,0,1,0,0,1,0
melspec_1094.npy,0,0,0,0,0,0,0,0,1,0
melspec_1198.npy,0,0,0,0,0,0,0,0,0,0
melspec_1007.npy,0,0,0,0,0,0,0,0,1,0
melspec_1121.npy,0,0,0,0,1,0,0,0,0,0
melspec_1213.npy,0,0,0,0,0,0,0,0,1,1
melspec_1010.npy,0,0,0,0,0,1,0,0,1,0
melspec_1081.npy,0,0,0,0,0,0,0,0,1,1
melspec_1180.npy,0,0,0,1,0,0,1,0,1,0
melspec_125.npy,0,0,0,0,0,0,0,0,1,0
melspec_1326.npy,0,0,0,0,1,0,0,0,1,0
melspec_1178.npy,0,0,0,0,0,0,0,0,1,0
melspec_1511.npy,0,1,0,0,0,0,0,0,1,1
melspec_1072.npy,0,0,0,0,0,1,0,0,1,0
melspec_129.npy,1,0,0,0,0,0,0,0,1,0
melspec_1169.npy,1,0,0,0,1,0,0,0,1,0
melspec_1523.npy,0,0,0,1,0,0,1,0,1,0
melspec_1053.npy,0,0,0,1,1,0,0,0,1,0
melspec_1078.npy,0,0,0,0,0,1,0,0,1,0
melspec_1325.npy,1,0,0,0,0,1,0,0,1,0
melspec_10.npy,0,0,0,0,0,0,0,0,1,0
melspec_1274.npy,0,0,0,1,0,0,1,0,0,0
melspec_1132.npy,0,0,0,1,0,0,1,0,1,0
melspec_1285.npy,0,0,1,0,0,0,0,0,1,0
melspec_1297.npy,0,0,1,0,0,0,0,0,1,0
melspec_13.npy,0,0,0,0,0,0,0,0,1,0
melspec_1061.npy,1,0,0,0,0,0,0,0,1,0
melspec_1315.npy,0,0,1,0,0,0,0,0,1,0
melspec_1020.npy,1,0,0,0,0,0,0,0,0,0
melspec_1243.npy,0,0,0,0,0,0,0,0,1,0
melspec_1139.npy,0,0,1,0,0,0,0,0,0,0
melspec_1058.npy,0,0,0,0,1,0,0,0,1,0
melspec_1008.npy,1,0,0,1,1,0,0,0,1,0
melspec_118.npy,1,0,0,0,0,0,0,0,1,0
melspec_112.npy,0,0,1,0,1,0,0,0,0,0
melspec_1312.npy,0,0,0,0,1,0,0,0,1,0
melspec_1042.npy,0,0,0,0,0,0,0,0,1,0
melspec_1250.npy,0,0,1,0,0,0,0,0,1,0
melspec_1334.npy,1,0,0,0,1,0,0,0,1,0
melspec_1112.npy,0,0,0,0,0,1,0,0,1,0
melspec_1510.npy,0,0,1,0,0,0,0,0,1,0
melspec_1337.npy,0,0,0,0,0,1,0,0,1,0
melspec_1068.npy,0,0,0,0,0,1,0,0,1,0
melspec_1295.npy,0,0,0,1,0,0,0,0,1,0
melspec_1089.npy,0,0,0,0,0,0,0,0,1,0
melspec_1130.npy,0,0,0,0,0,1,0,0,1,0
melspec_1084.npy,0,0,0,0,0,1,0,0,1,0
melspec_1291.npy,0,0,0,0,0,0,0,1,1,0
melspec_1331.npy,0,0,0,0,0,1,0,0,1,0
melspec_1147.npy,1,0,0,0,1,0,0,0,1,0
melspec_1054.npy,1,0,0,0,0,0,0,0,1,0
melspec_1304.npy,0,0,1,0,0,0,0,0,1,0
melspec_1501.npy,0,1,0,0,0,0,0,0,0,0
melspec_1003.npy,0,0,0,0,0,0,0,0,0,0
melspec_1258.npy,0,0,0,1,0,0,0,0,1,0
melspec_1238.npy,1,0,0,0,1,0,0,0,1,0
melspec_1135.npy,0,0,0,0,0,0,0,0,1,0
melspec_117.npy,0,0,0,0,0,0,0,0,1,0
melspec_1284.npy,0,0,0,0,0,0,0,0,1,1
melspec_130.npy,0,0,0,0,0,0,0,0,1,1
melspec_126.npy,0,0,0,0,1,0,0,0,1,0
melspec_1224.npy,0,0,0,0,0,0,0,0,1,0
melspec_1280.npy,0,0,0,0,0,1,0,0,1,0
melspec_1.npy,0,1,0,1,0,0,0,0,1,0
melspec_1059.npy,0,0,0,0,0,0,0,0,1,0
melspec_1319.npy,0,0,0,1,0,0,0,0,1,0
melspec_1185.npy,0,0,0,0,0,0,0,0,1,0
melspec_1507.npy,0,0,1,0,0,0,0,0,1,0
melspec_1512.npy,0,0,0,0,0,1,0,1,1,0
melspec_1177.npy,1,0,0,1,0,0,0,0,1,0
melspec_1164.npy,0,0,0,0,1,0,0,0,1,0
melspec_1323.npy,0,0,0,0,0,0,0,0,1,0
melspec_1040.npy,1,0,0,0,0,0,0,0,1,0
melspec_1155.npy,0,0,0,0,1,0,0,0,1,0
melspec_107.npy,0,0,0,0,0,1,0,0,1,0
melspec_1343.npy,0,1,0,0,0,0,0,0,1,0
melspec_1052.npy,0,0,0,1,0,0,0,0,1,0
melspec_1289.npy,0,0,0,1,0,0,0,0,1,0
melspec_1125.npy,0,0,0,0,1,0,0,0,1,0
melspec_1205.npy,0,0,0,1,0,1,0,0,1,0
melspec_1259.npy,0,0,1,0,0,0,0,0,1,0
melspec_1011.npy,0,0,0,0,0,0,0,0,1,0
melspec_1245.npy,0,0,0,1,0,0,0,1,1,0
melspec_1146.npy,0,0,0,0,1,0,0,0,1,0
melspec_1119.npy,0,0,0,0,0,1,0,0,1,0
melspec_1110.npy,0,0,0,1,0,0,1,0,1,0
melspec_1152.npy,1,0,0,0,0,0,0,0,1,0
melspec_1262.npy,0,0,0,0,0,0,0,1,1,0
melspec_1305.npy,0,0,0,0,0,1,0,0,1,0
melspec_1173.npy,0,0,0,1,0,0,1,0,1,0
melspec_1006.npy,0,0,0,1,0,0,0,0,1,0
melspec_1118.npy,0,0,0,0,0,0,0,0,1,0
melspec_1160.npy,1,0,0,0,0,0,0,0,1,1
melspec_1043.npy,0,0,1,0,0,0,0,0,1,0
melspec_1041.npy,1,0,0,1,0,0,0,0,1,0
melspec_1055.npy,1,0,0,0,0,0,0,0,1,0
melspec_1148.npy,0,0,0,0,1,0,0,0,1,0
melspec_1165.npy,1,0,0,0,1,0,1,0,1,0
melspec_1172.npy,0,0,0,0,0,0,0,0,1,0
melspec_1514.npy,0,0,0,0,0,1,0,0,1,0
melspec_1192.npy,0,0,0,0,1,0,0,0,1,0
melspec_1114.npy,0,0,1,0,0,0,0,0,1,0
melspec_1080.npy,0,1,0,0,0,0,0,0,1,0
melspec_1179.npy,0,0,0,1,0,0,0,0,1,0
melspec_1212.npy,0,0,1,0,0,0,0,0,1,0
melspec_1299.npy,0,0,0,0,0,0,0,0,1,0
melspec_1087.npy,0,1,0,0,0,0,0,0,1,0
melspec_1017.npy,0,0,0,1,0,0,0,0,0,0
melspec_1095.npy,0,0,0,0,0,0,0,1,1,0
melspec_1251.npy,0,0,0,0,0,0,0,0,0,0
melspec_1237.npy,1,0,0,0,1,0,0,1,1,0
melspec_100.npy,0,0,0,0,0,0,0,1,1,0
melspec_1234.npy,0,1,0,0,0,0,0,0,1,0
melspec_1127.npy,1,0,0,0,0,0,0,0,1,0
melspec_1154.npy,0,0,0,0,0,0,0,1,1,0
melspec_12.npy,0,1,0,0,0,0,0,0,1,0
melspec_1241.npy,0,0,0,0,0,0,0,0,1,1
melspec_1310.npy,1,0,0,0,0,0,0,0,1,0
melspec_1347.npy,1,0,0,0,0,0,0,0,1,0
melspec_1176.npy,0,0,0,1,0,0,0,0,1,0
melspec_1027.npy,1,0,0,0,0,0,0,0,1,0
melspec_1231.npy,0,0,0,1,0,0,1,0,1,0
melspec_1286.npy,0,0,0,1,0,0,0,0,1,0
melspec_1244.npy,0,0,0,0,0,0,0,0,1,0
melspec_1100.npy,0,0,0,1,0,0,0,1,1,0
melspec_1090.npy,0,0,0,0,0,0,0,0,1,0
melspec_1129.npy,0,0,0,1,0,0,0,0,1,0
melspec_1228.npy,1,0,0,0,0,0,0,0,1,0
melspec_1004.npy,0,0,0,0,0,0,0,0,1,1
melspec_1306.npy,0,0,1,0,0,0,0,0,1,0
melspec_1269.npy,0,1,0,0,0,0,0,0,1,0
melspec_1073.npy,0,0,0,0,1,0,0,0,1,0
melspec_1047.npy,0,0,0,0,0,0,0,0,1,0
melspec_1189.npy,1,0,0,0,0,0,0,0,1,0
melspec_1210.npy,1,0,0,0,0,0,0,0,1,0
melspec_1272.npy,0,0,0,0,0,1,0,0,1,0
melspec_1221.npy,0,0,0,0,0,0,1,0,0,0
melspec_1126.npy,0,0,0,1,0,0,0,0,1,0
melspec_1345.npy,1,0,0,0,1,0,0,0,1,0
melspec_1124.npy,0,0,0,0,1,0,0,0,1,0
melspec_1158.npy,0,0,0,0,0,0,0,0,1,0
melspec_1266.npy,0,0,0,0,1,0,0,0,1,0
melspec_1294.npy,0,0,0,0,0,0,0,0,1,0
melspec_1526.npy,1,0,0,0,0,0,0,0,1,0
melspec_1199.npy,0,0,0,0,1,0,0,0,1,0
melspec_1048.npy,0,0,0,0,0,0,0,0,1,1
melspec_1206.npy,0,0,0,0,0,0,0,0,1,0
melspec_1316.npy,0,0,0,0,0,0,0,0,1,1
melspec_1195.npy,1,0,0,0,0,0,0,0,1,0
melspec_127.npy,0,0,0,0,0,1,0,0,1,0
melspec_1060.npy,1,0,0,0,0,0,0,0,1,0
melspec_1142.npy,0,1,0,0,0,0,0,0,1,0
melspec_1188.npy,0,0,0,0,0,0,0,1,1,0
melspec_1019.npy,0,0,0,0,0,0,0,0,1,0
melspec_1499.npy,0,0,0,0,1,0,1,0,1,0
melspec_1509.npy,1,0,0,0,0,0,0,0,1,0
melspec_1301.npy,0,0,0,0,0,0,0,0,1,0
melspec_1000.npy,0,1,0,0,1,0,1,0,1,0
melspec_1044.npy,0,0,0,1,0,0,0,0,1,0
melspec_1088.npy,0,0,0,0,0,0,0,0,1,0
melspec_122.npy,0,1,0,1,0,0,0,0,1,0
melspec_1230.npy,0,1,0,0,0,0,0,0,1,0
melspec_1229.npy,1,0,0,0,0,0,0,0,1,0
melspec_109.npy,1,0,0,0,0,0,0,0,1,0
melspec_1506.npy,1,0,0,0,0,0,0,0,1,0
melspec_1275.npy,0,0,0,0,0,0,0,0,1,0
melspec_114.npy,0,0,0,0,0,0,0,0,1,0
melspec_1502.npy,0,0,0,0,0,1,0,0,1,0
melspec_1302.npy,0,1,0,0,0,0,0,0,1,0
melspec_1023.npy,1,0,0,1,0,0,0,0,1,0
melspec_1005.npy,0,0,0,0,0,0,0,0,1,0
melspec_1057.npy,0,0,0,0,0,0,0,0,1,0
melspec_103.npy,0,0,1,0,0,0,0,0,1,0
melspec_1111.npy,0,0,0,1,0,0,0,0,1,0
melspec_1156.npy,0,0,0,0,0,0,0,0,1,0
melspec_1067.npy,0,0,0,1,0,0,0,0,1,0
melspec_1022.npy,0,0,0,0,1,0,0,0,1,0
melspec_1096.npy,0,0,0,1,1,0,0,0,1,0
melspec_106.npy,0,0,0,0,0,0,0,0,1,0
melspec_1133.npy,0,0,0,0,0,0,0,0,1,1
melspec_1336.npy,0,0,0,0,0,1,0,0,1,0
melspec_1071.npy,0,0,0,1,0,0,0,0,1,0
melspec_1335.npy,0,0,0,1,0,0,0,0,1,0
melspec_1496.npy,0,0,0,1,0,0,0,0,1,0
melspec_1045.npy,0,0,0,1,0,0,1,0,1,0
melspec_1332.npy,0,0,0,1,0,0,0,0,1,0
melspec_1015.npy,0,0,0,0,0,0,0,1,1,0
melspec_1021.npy,0,0,0,0,0,0,0,0,0,1
melspec_1265.npy,0,0,0,1,0,0,0,0,1,0
melspec_1030.npy,0,0,1,1,0,0,0,0,1,0
melspec_1166.npy,0,0,0,0,0,0,0,0,0,0
melspec_1236.npy,0,0,0,1,0,0,0,0,1,0
melspec_1024.npy,0,0,1,0,0,0,0,0,1,0
melspec_1137.npy,0,1,0,0,0,0,0,0,1,0
melspec_1037.npy,0,0,0,1,0,0,0,0,1,0
melspec_1311.npy,0,0,0,1,0,0,0,0,1,0
melspec_1181.npy,0,0,0,0,1,0,0,0,1,0
melspec_1500.npy,0,0,0,0,0,0,0,0,1,1
melspec_1197.npy,0,0,0,0,0,0,0,0,1,0
melspec_1143.npy,0,0,1,0,0,0,0,0,1,0
melspec_1317.npy,1,0,0,0,0,0,0,0,0,0
melspec_105.npy,0,0,0,0,0,0,0,0,1,1
melspec_1193.npy,0,0,0,0,0,0,0,0,1,0
melspec_1518.npy,0,0,0,0,1,0,0,0,1,0
melspec_1300.npy,0,0,1,0,0,0,0,0,1,0
melspec_113.npy,0,0,0,0,1,0,0,0,1,0
melspec_1222.npy,0,0,0,0,0,1,0,0,1,0
melspec_1515.npy,0,0,0,0,0,0,0,0,1,0
melspec_1290.npy,1,0,0,0,0,0,0,0,1,0
melspec_1049.npy,0,1,0,0,0,0,0,0,1,0
melspec_1322.npy,0,0,0,0,1,0,0,0,1,0
melspec_1242.npy,1,0,0,0,0,0,0,0,1,0
melspec_1495.npy,0,0,0,1,0,0,0,0,1,0
melspec_1186.npy,1,0,0,0,0,0,0,0,1,0
melspec_1144.npy,0,0,0,0,0,0,0,0,1,0
melspec_1187.npy,0,0,0,0,0,1,0,0,1,0
melspec_1168.npy,0,0,0,0,0,0,0,0,1,1
melspec_131.npy,0,0,0,0,0,1,0,0,1,0
melspec_1324.npy,0,0,0,0,0,0,0,0,1,0
melspec_11.npy,0,0,0,0,0,0,0,0,0,0
melspec_1075.npy,0,0,0,0,0,1,0,0,1,0
melspec_1209.npy,0,0,0,0,0,1,0,0,1,0
melspec_1203.npy,0,0,0,0,0,1,0,0,1,0
melspec_1101.npy,0,0,0,1,0,0,0,1,1,0
melspec_1102.npy,0,0,0,0,1,0,0,0,1,0
melspec_1171.npy,0,0,0,0,0,0,0,0,1,0
melspec_1069.npy,0,0,0,0,0,0,0,0,1,0
melspec_111.npy,0,0,0,0,0,1,0,0,1,0
melspec_1261.npy,0,0,0,1,0,0,1,0,1,0
melspec_1246.npy,0,0,0,0,1,0,0,0,1,0
melspec_1339.npy,0,0,0,1,0,0,1,0,1,0
melspec_121.npy,0,0,0,0,0,0,0,1,1,0
melspec_1307.npy,0,0,0,0,0,0,0,0,1,1
melspec_1321.npy,0,0,0,1,0,0,0,0,1,0
melspec_1318.npy,0,0,0,0,1,0,0,0,1,0
melspec_104.npy,0,0,0,1,0,0,0,0,1,0
melspec_1109.npy,0,0,0,0,0,0,0,0,0,1
melspec_1086.npy,0,0,0,0,0,0,0,0,1,0
melspec_1175.npy,0,0,0,1,0,0,0,1,1,0
melspec_1288.npy,1,0,0,0,0,0,0,0,1,0
melspec_115.npy,0,0,0,0,0,0,0,1,1,0
melspec_134.npy,0,0,0,0,0,0,0,0,1,0
melspec_1247.npy,0,0,0,0,1,0,0,0,1,0
melspec_1256.npy,0,0,0,1,0,0,1,0,0,0
melspec_1223.npy,0,1,0,0,0,0,0,0,1,0
melspec_1263.npy,0,0,0,1,0,0,1,0,1,0
melspec_1281.npy,0,0,0,1,0,0,1,0,1,0
melspec_1108.npy,0,0,0,0,0,0,0,0,1,0
melspec_1257.npy,0,0,0,0,1,0,0,0,1,0
melspec_1031.npy,0,0,0,1,1,0,1,0,1,0
melspec_1038.npy,1,0,0,0,0,0,0,0,1,0
melspec_132.npy,0,0,0,0,1,0,0,0,1,0
melspec_1134.npy,0,0,0,0,0,1,0,0,0,0
melspec_1098.npy,0,0,0,0,1,0,0,0,1,0
melspec_1508.npy,0,0,0,0,0,0,0,0,1,0
melspec_1106.npy,0,0,0,0,0,0,0,1,1,0
melspec_1074.npy,0,0,0,0,0,1,0,0,1,0
melspec_1029.npy,0,0,0,0,1,0,0,0,1,0
melspec_1320.npy,0,0,0,1,0,0,1,0,1,0
melspec_1196.npy,0,0,0,0,0,0,0,1,1,0
melspec_1153.npy,0,0,0,0,0,0,0,0,1,0
melspec_1012.npy,0,0,0,0,0,0,0,0,1,0
melspec_1046.npy,0,0,0,0,0,1,0,0,1,0
melspec_1260.npy,0,0,1,0,0,0,0,0,1,0
melspec_1517.npy,1,0,0,0,0,0,0,0,1,0
melspec_1033.npy,0,0,1,0,0,0,0,0,1,0
melspec_1104.npy,1,0,0,0,0,0,0,0,1,0
melspec_1025.npy,0,0,0,1,0,0,0,0,1,0
melspec_1271.npy,0,0,0,1,0,0,1,0,1,0
melspec_1255.npy,0,0,0,0,0,1,0,0,1,0
melspec_1218.npy,0,0,0,0,0,1,0,0,1,0
melspec_1240.npy,0,0,0,0,0,0,0,0,1,0
melspec_1123.npy,0,0,0,1,0,0,0,0,1,0
melspec_123.npy,1,0,0,0,0,0,0,0,1,0
melspec_124.npy,0,0,0,0,0,1,0,0,1,0
melspec_1138.npy,0,0,1,0,1,0,0,0,1,0
melspec_1183.npy,0,0,0,1,0,0,0,1,1,0
melspec_1079.npy,0,0,0,1,0,0,0,0,1,0
melspec_1268.npy,1,0,0,0,0,0,0,0,1,0
melspec_1287.npy,0,0,0,0,0,0,0,0,1,0
melspec_1314.npy,0,0,0,0,0,1,0,0,1,0
melspec_1202.npy,0,0,0,0,1,0,0,0,0,0
melspec_1313.npy,1,0,0,0,0,0,0,0,1,0
melspec_1207.npy,0,0,0,1,0,0,0,0,1,0
melspec_1348.npy,0,0,1,0,0,0,0,0,1,0
melspec_1303.npy,0,1,0,0,0,0,0,0,1,0
melspec_1217.npy,0,0,0,1,0,0,1,0,1,0
melspec_1163.npy,0,0,0,1,0,0,0,0,1,0
melspec_1219.npy,0,0,0,0,0,0,1,0,1,0
melspec_1338.npy,0,0,0,0,0,0,0,0,1,1
melspec_1120.npy,0,0,0,0,0,0,0,0,1,0
melspec_1279.npy,0,0,0,0,1,0,0,0,1,0
melspec_1239.npy,0,1,0,0,0,0,0,0,1,0
melspec_1503.npy,0,0,0,0,0,1,0,0,1,0
melspec_1211.npy,0,0,0,0,0,0,0,0,1,0
melspec_1091.npy,0,0,0,0,1,0,0,0,1,0
melspec_1277.npy,0,1,0,0,0,0,0,0,1,0
melspec_1216.npy,1,0,0,0,1,0,0,0,1,0
melspec_1128.npy,0,0,0,1,0,0,1,0,1,0
melspec_128.npy,0,0,0,0,0,1,0,0,1,0
melspec_150.npy,0,0,0,0,0,0,0,0,1,0
melspec_1227.npy,0,0,0,0,0,0,0,0,1,1
melspec_1226.npy,0,0,0,0,1,0,0,0,1,0
melspec_1083.npy,0,0,0,1,0,0,1,0,1,0
melspec_1032.npy,1,1,0,0,0,0,0,0,1,0
melspec_1513.npy,0,0,0,0,0,1,0,0,1,0
melspec_1253.npy,0,0,0,0,0,1,0,0,1,0
melspec_1204.npy,1,0,0,1,0,0,0,0,1,0
melspec_1328.npy,0,1,0,0,0,0,0,0,1,0
melspec_1248.npy,0,0,0,1,0,0,1,0,1,0
melspec_1151.npy,0,0,0,0,0,0,0,0,1,0
melspec_1201.npy,0,1,0,0,0,0,0,0,1,0
melspec_1036.npy,0,0,1,0,0,0,0,0,1,0
melspec_1145.npy,0,0,0,1,0,0,0,0,1,0
melspec_1296.npy,0,0,0,1,0,0,0,0,1,0
melspec_1519.npy,0,0,0,0,1,0,0,0,1,0
melspec_110.npy,0,0,1,0,0,0,0,0,1,0
melspec_1150.npy,0,0,0,0,1,0,0,0,1,0
melspec_1273.npy,0,0,0,1,0,0,0,0,1,0
melspec_1191.npy,0,0,0,0,0,0,0,0,1,0
melspec_1200.npy,0,0,0,0,0,0,0,0,1,0
melspec_1525.npy,1,0,0,0,1,0,0,0,1,0
melspec_1131.npy,1,0,0,0,0,0,0,0,1,0
melspec_133.npy,0,0,0,0,0,0,0,0,1,0
melspec_1282.npy,1,0,0,0,0,0,0,0,1,0
melspec_1066.npy,0,0,0,0,0,0,0,0,1,0
melspec_1117.npy,0,0,0,0,0,0,0,1,1,0
melspec_151.npy,0,0,0,1,0,0,0,0,1,0
melspec_102.npy,0,0,0,0,1,0,0,0,1,0
melspec_1018.npy,0,0,0,0,0,0,0,0,1,0
melspec_1026.npy,0,0,0,0,1,0,0,0,1,0
melspec_1333.npy,1,0,0,0,0,0,0,0,1,0
melspec_1344.npy,0,0,0,0,0,0,0,0,1,1
melspec_120.npy,0,0,0,1,0,0,0,0,1,0
melspec_1107.npy,0,0,0,1,0,0,0,0,1,0
melspec_108.npy,0,0,0,1,0,0,0,1,1,0
melspec_1340.npy,0,0,0,0,0,0,0,0,1,0
melspec_1077.npy,1,0,0,0,0,0,0,0,1,0
melspec_1028.npy,0,0,0,0,0,0,0,0,1,0
melspec_0.npy,0,0,0,0,1,0,0,0,1,0
melspec_1001.npy,0,0,1,0,0,0,0,0,1,0
melspec_1174.npy,0,0,0,0,0,0,0,0,1,0
melspec_1182.npy,0,1,0,0,1,0,1,0,1,0
melspec_1233.npy,0,0,0,0,1,0,0,0,1,0
melspec_1505.npy,0,0,0,1,0,0,0,0,0,0
melspec_1141.npy,0,0,0,1,0,0,0,0,1,0
melspec_1113.npy,0,0,0,0,0,1,0,0,1,0
melspec_1093.npy,1,0,0,0,0,0,0,0,0,0
melspec_1184.npy,0,0,0,0,0,0,0,0,1,0
melspec_1308.npy,0,0,0,0,0,0,0,0,1,0
melspec_1013.npy,0,0,0,1,0,0,0,0,1,0
melspec_1504.npy,1,0,0,1,0,0,0,0,1,0
melspec_1050.npy,0,0,0,0,0,0,0,0,1,0
melspec_1270.npy,0,0,0,1,0,0,0,1,1,0
melspec_1278.npy,0,0,1,0,0,0,0,0,1,0
melspec_1115.npy,0,1,0,0,0,0,0,0,1,0
melspec_1330.npy,1,0,0,0,0,1,0,0,1,0
melspec_1329.npy,1,0,0,0,0,0,0,0,1,0
melspec_1293.npy,1,0,0,0,0,0,0,0,1,0
melspec_1214.npy,1,0,0,0,1,0,0,0,1,0
melspec_1497.npy,0,1,0,0,0,0,0,0,1,1
melspec_1070.npy,0,0,0,0,0,1,0,0,1,0
melspec_1065.npy,0,0,0,0,0,0,0,1,1,0
melspec_1092.npy,1,0,0,0,0,0,0,0,1,0
melspec_1190.npy,0,0,0,1,0,0,0,0,1,0
melspec_1136.npy,0,0,0,1,0,0,0,0,1,0
melspec_1309.npy,0,0,0,0,0,0,0,0,1,1
melspec_1063.npy,0,0,0,0,0,0,0,0,1,1
melspec_1292.npy,0,0,0,0,0,1,0,0,1,0
melspec_1159.npy,1,0,0,0,0,0,0,0,1,0
melspec_1076.npy,0,0,0,0,0,0,0,0,1,0
melspec_1082.npy,0,0,0,0,0,1,0,0,1,0
melspec_101.npy,0,0,0,0,1,0,0,0,1,0
melspec_1170.npy,0,0,0,0,1,0,0,0,1,0
melspec_116.npy,0,0,0,0,1,0,0,0,1,0
melspec_1252.npy,0,0,0,0,0,1,0,0,1,0
melspec_1097.npy,0,0,0,1,1,0,0,0,1,0
melspec_1531.npy,0,0,0,0,1,0,0,0,0,0
melspec_1535.npy,0,0,0,0,0,1,0,0,1,0
melspec_1529.npy,0,0,0,1,0,0,0,0,1,0
melspec_1537.npy,0,0,0,0,0,0,0,0,1,0
melspec_1533.npy,0,0,0,0,0,0,0,0,1,0
melspec_1534.npy,0,0,0,0,0,0,0,0,1,0
melspec_153.npy,0,0,0,1,1,0,0,0,1,0
melspec_1536.npy,0,0,1,0,0,0,0,0,1,0
melspec_1530.npy,0,0,0,0,0,0,0,0,1,1
melspec_1522.npy,0,0,1,0,0,0,0,0,1,0
melspec_1524.npy,0,0,0,0,1,0,0,0,1,0
melspec_1527.npy,0,0,0,0,0,0,0,0,1,0
melspec_1520.npy,0,0,0,0,0,1,0,0,1,0
melspec_1521.npy,1,0,0,0,0,0,0,0,1,0
melspec_1528.npy,0,0,0,0,0,0,0,0,1,0
melspec_152.npy,0,0,0,1,0,0,0,0,1,0
melspec_1573.npy,0,0,0,1,0,0,0,0,1,0
melspec_1571.npy,0,0,0,0,0,1,0,0,1,0
melspec_1566.npy,0,0,0,0,0,1,0,0,1,0
melspec_1567.npy,0,0,0,0,0,0,0,0,1,0
melspec_1568.npy,0,0,0,1,0,0,1,0,1,0
melspec_1569.npy,0,1,1,0,0,0,0,0,1,0
melspec_1570.npy,1,0,0,0,0,0,0,0,1,0
melspec_157.npy,0,0,0,0,0,0,0,0,1,1
melspec_1572.npy,0,0,0,0,0,0,0,0,1,0
melspec_1565.npy,0,0,0,1,0,0,0,0,1,0
melspec_1559.npy,0,0,1,0,1,0,0,0,1,0
melspec_1561.npy,0,0,1,0,0,0,0,0,1,0
melspec_1557.npy,1,0,0,0,1,0,0,0,1,0
melspec_156.npy,0,0,0,0,0,1,0,0,1,0
melspec_1564.npy,0,0,0,0,0,0,0,0,1,0
melspec_1556.npy,0,0,0,0,0,0,0,1,1,0
melspec_1558.npy,0,0,0,0,0,1,0,0,1,0
melspec_1562.npy,0,0,0,0,0,0,0,0,1,0
melspec_1560.npy,0,0,0,0,0,1,0,0,1,0
melspec_1563.npy,0,0,0,1,0,0,0,0,1,0
melspec_1553.npy,0,1,0,0,0,0,0,0,1,0
melspec_1551.npy,0,0,0,1,0,0,0,0,1,0
melspec_1550.npy,0,0,0,0,0,0,0,0,1,0
melspec_155.npy,0,0,0,0,1,0,0,0,0,0
melspec_1552.npy,1,0,0,0,1,0,0,0,1,0
melspec_1548.npy,0,1,0,0,0,0,0,0,1,0
melspec_1547.npy,1,0,0,0,0,0,0,0,1,0
melspec_1555.npy,0,0,0,0,0,0,0,0,1,0
melspec_1549.npy,0,0,0,0,0,0,0,0,0,1
melspec_1554.npy,0,0,0,0,1,0,0,0,1,0
melspec_1540.npy,0,0,0,0,0,1,0,0,1,0
melspec_1546.npy,0,0,0,0,1,0,0,0,1,0
melspec_1545.npy,0,0,0,0,0,0,0,0,1,0
melspec_1539.npy,0,0,1,0,0,0,0,0,1,0
melspec_1541.npy,0,0,0,1,0,0,0,1,1,0
melspec_1544.npy,1,0,0,0,0,0,0,0,1,0
melspec_154.npy,0,0,0,0,0,0,0,0,1,0
melspec_1542.npy,0,0,0,0,0,0,0,0,1,0
melspec_1538.npy,0,0,0,0,0,0,0,0,1,0
melspec_1543.npy,0,0,0,0,0,0,0,0,1,0
melspec_1532.npy,1,0,0,0,0,0,0,0,1,0
melspec_1603.npy,0,0,1,0,0,0,0,0,1,1
melspec_1600.npy,1,0,0,0,1,0,0,0,1,0
melspec_1604.npy,0,0,0,0,1,0,0,0,1,0
melspec_1608.npy,1,0,0,0,0,0,0,1,1,0
melspec_1609.npy,1,0,0,0,0,0,0,0,1,0
melspec_1602.npy,0,0,0,0,1,0,0,1,1,0
melspec_1605.npy,0,0,0,1,0,0,0,0,1,0
melspec_1606.npy,0,0,1,0,0,0,0,0,1,0
melspec_1607.npy,0,0,0,0,0,0,0,0,1,0
melspec_1601.npy,0,0,0,0,0,0,0,1,1,0
melspec_1593.npy,0,1,1,0,0,0,0,0,1,0
melspec_1594.npy,1,0,0,0,0,0,0,0,1,0
melspec_160.npy,1,0,0,1,1,0,0,0,1,0
melspec_1592.npy,0,0,0,0,1,0,0,0,1,0
melspec_1597.npy,0,0,0,0,0,0,0,0,0,0
melspec_1598.npy,0,0,0,0,0,0,0,0,0,0
melspec_1596.npy,0,0,0,0,1,0,0,0,1,0
melspec_1595.npy,1,0,0,0,0,0,0,0,1,0
melspec_1599.npy,1,0,0,0,0,0,0,0,1,0
melspec_16.npy,0,0,0,0,0,0,0,0,1,1
melspec_1583.npy,0,0,1,0,0,0,0,0,1,0
melspec_1590.npy,1,0,0,0,0,0,0,0,1,0
melspec_1584.npy,0,0,0,0,0,0,0,0,1,0
melspec_1588.npy,0,0,0,1,0,0,0,0,1,0
melspec_1587.npy,0,1,0,0,0,0,0,0,0,0
melspec_159.npy,1,0,0,0,1,0,0,0,1,0
melspec_1586.npy,0,0,1,0,0,0,0,0,1,0
melspec_1589.npy,0,0,0,0,0,0,0,0,1,0
melspec_1585.npy,0,0,0,0,0,1,0,0,1,0
melspec_1591.npy,0,0,1,0,0,0,0,0,1,0
melspec_158.npy,0,0,0,0,0,1,0,0,1,0
melspec_1575.npy,0,0,0,0,0,1,0,0,1,0
melspec_1576.npy,0,1,0,0,1,0,0,0,1,0
melspec_1581.npy,0,0,0,0,0,0,0,1,1,0
melspec_1578.npy,0,0,0,0,0,0,0,0,1,1
melspec_1582.npy,0,0,0,0,1,0,0,0,1,0
melspec_1574.npy,0,0,0,0,0,0,0,0,1,1
melspec_1579.npy,0,0,0,0,0,1,0,0,1,0
melspec_1580.npy,0,0,0,0,0,0,1,0,1,0
melspec_1577.npy,0,0,0,0,0,0,0,0,1,0
melspec_1654.npy,0,0,0,0,1,0,0,0,1,0
melspec_165.npy,0,0,0,0,1,0,0,0,1,0
melspec_1652.npy,0,0,0,1,0,0,1,0,1,0
melspec_1638.npy,0,0,0,0,0,0,0,0,1,1
melspec_1645.npy,0,0,1,0,0,0,0,0,1,0
melspec_1641.npy,0,0,0,1,0,0,0,0,1,0
melspec_1644.npy,1,0,0,0,0,0,0,0,1,0
melspec_1637.npy,0,0,0,1,0,0,1,0,1,0
melspec_164.npy,0,0,0,1,0,0,0,0,1,0
melspec_1643.npy,0,0,0,1,0,0,0,1,1,0
melspec_1642.npy,0,0,1,0,0,0,0,0,1,0
melspec_1640.npy,0,0,0,1,0,0,0,0,1,0
melspec_1639.npy,0,0,0,0,0,0,0,0,1,0
melspec_1632.npy,0,0,0,1,0,0,0,0,1,0
melspec_163.npy,1,0,0,0,0,1,0,0,1,0
melspec_1631.npy,0,0,0,0,0,0,0,0,1,0
melspec_1636.npy,0,0,0,0,0,0,0,0,1,0
melspec_1628.npy,1,0,0,0,1,0,0,0,1,0
melspec_1633.npy,0,0,0,1,0,0,0,0,1,0
melspec_1634.npy,0,0,0,0,0,0,0,1,1,0
melspec_1635.npy,0,0,0,0,0,0,0,1,1,0
melspec_1630.npy,0,0,0,0,0,0,0,1,1,0
melspec_1629.npy,1,0,0,0,0,0,0,0,1,0
melspec_1626.npy,0,1,0,0,0,0,0,0,1,0
melspec_1620.npy,0,0,0,0,0,0,0,0,1,0
melspec_1623.npy,0,0,0,0,0,0,0,1,1,0
melspec_1624.npy,0,0,0,0,0,1,0,0,1,0
melspec_1622.npy,0,0,0,1,0,0,1,0,1,0
melspec_1627.npy,0,0,0,0,0,0,0,0,1,0
melspec_1625.npy,0,0,0,0,0,0,0,0,1,1
melspec_1619.npy,0,0,0,0,1,0,0,0,1,0
melspec_162.npy,0,0,0,0,0,1,0,0,1,0
melspec_1621.npy,0,0,0,0,0,0,0,0,1,0
melspec_1617.npy,0,1,0,0,0,0,0,0,1,1
melspec_1615.npy,1,0,0,0,0,0,0,0,1,0
melspec_1611.npy,0,0,0,0,0,0,0,0,0,0
melspec_1616.npy,1,0,0,0,0,0,0,0,1,0
melspec_1610.npy,0,0,0,0,0,0,0,0,1,1
melspec_161.npy,0,0,1,0,0,0,0,0,1,0
melspec_1614.npy,0,0,0,0,0,0,1,0,1,0
melspec_1613.npy,0,0,0,0,0,0,0,0,1,0
melspec_1618.npy,0,0,0,0,0,0,0,0,1,0
melspec_1612.npy,0,0,0,0,1,0,0,0,1,0
melspec_1690.npy,0,0,0,1,1,0,1,0,0,0
melspec_1687.npy,1,0,0,0,0,0,0,0,1,0
melspec_1686.npy,0,0,0,0,0,0,0,0,1,0
melspec_1684.npy,1,0,0,0,0,0,0,0,1,0
melspec_169.npy,0,0,0,1,0,0,1,0,0,0
melspec_1682.npy,0,0,0,0,1,0,0,0,1,0
melspec_1683.npy,0,0,0,0,0,0,0,0,1,1
melspec_1685.npy,1,0,0,0,0,0,0,0,1,0
melspec_1689.npy,1,0,0,0,0,0,0,0,1,0
melspec_1688.npy,0,0,0,1,0,0,1,0,1,0
melspec_1674.npy,0,0,0,0,0,1,0,0,1,0
melspec_1677.npy,0,1,0,0,0,0,0,0,1,0
melspec_1673.npy,1,0,0,0,0,0,0,0,1,0
melspec_1678.npy,1,0,0,0,0,0,0,0,1,0
melspec_1680.npy,0,0,0,0,0,0,0,0,1,0
melspec_168.npy,0,0,0,0,1,0,0,0,1,0
melspec_1676.npy,0,0,0,0,1,0,0,0,1,0
melspec_1675.npy,0,0,0,1,1,0,0,0,1,0
melspec_1679.npy,0,0,0,0,0,0,0,0,1,0
melspec_1681.npy,0,0,0,0,0,0,0,0,1,0
melspec_1666.npy,0,0,0,0,0,1,0,0,1,0
melspec_1670.npy,0,0,0,0,0,0,0,0,1,0
melspec_1669.npy,0,1,0,0,0,0,0,0,0,0
melspec_1672.npy,0,0,0,0,1,0,0,0,1,0
melspec_1664.npy,0,0,0,0,0,0,0,0,1,1
melspec_1665.npy,0,0,0,0,1,0,0,0,1,0
melspec_167.npy,0,0,0,0,0,1,0,0,1,0
melspec_1667.npy,0,0,0,1,0,0,0,0,1,0
melspec_1671.npy,0,0,0,1,0,1,0,0,1,0
melspec_1668.npy,0,0,0,0,0,0,0,0,1,0
melspec_1657.npy,0,0,0,0,0,0,0,0,1,1
melspec_1662.npy,1,0,0,0,0,0,0,0,1,0
melspec_1661.npy,0,0,0,0,0,0,0,0,1,0
melspec_166.npy,0,0,0,1,1,0,0,0,1,0
melspec_1663.npy,0,0,0,0,0,0,0,0,1,1
melspec_1656.npy,0,0,0,0,0,0,0,0,0,0
melspec_1660.npy,0,0,0,0,0,1,0,0,1,0
melspec_1658.npy,0,0,0,0,0,0,1,0,1,0
melspec_1655.npy,1,0,0,0,0,0,0,0,1,0
melspec_1659.npy,0,0,0,0,0,0,0,0,1,0
melspec_1650.npy,0,0,0,1,0,0,0,1,1,0
melspec_1647.npy,0,0,0,0,0,0,0,0,0,0
melspec_1649.npy,0,0,0,1,0,0,1,0,1,0
melspec_1653.npy,0,0,0,0,0,0,0,0,1,0
melspec_1646.npy,0,0,0,0,1,0,0,0,1,0
melspec_1651.npy,0,0,0,0,0,0,0,0,1,0
melspec_1648.npy,0,0,0,0,0,0,0,0,1,0
melspec_1727.npy,1,0,0,0,0,0,0,0,1,0
melspec_172.npy,0,0,0,0,0,0,0,0,1,0
melspec_1722.npy,0,0,0,1,0,0,0,0,1,0
melspec_1721.npy,0,0,0,0,0,0,0,0,1,0
melspec_1724.npy,0,0,0,1,0,0,1,0,1,0
melspec_1720.npy,0,0,0,1,0,0,0,0,1,0
melspec_1725.npy,0,0,0,1,0,0,0,1,1,0
melspec_1718.npy,1,0,0,0,1,0,0,0,1,0
melspec_1719.npy,0,0,0,0,0,1,0,0,1,0
melspec_1723.npy,0,0,0,0,0,0,0,0,0,0
melspec_1726.npy,0,0,0,0,0,0,0,0,1,0
melspec_1712.npy,0,0,0,0,0,0,0,0,1,1
melspec_1711.npy,0,0,0,0,0,0,0,0,1,0
melspec_1710.npy,0,0,0,0,0,0,1,0,1,0
melspec_1715.npy,1,0,0,0,0,0,0,0,1,0
melspec_1714.npy,0,0,0,1,0,0,0,0,1,0
melspec_1713.npy,0,0,0,0,1,0,0,0,1,0
melspec_1709.npy,1,0,0,0,0,0,0,0,0,0
melspec_1717.npy,0,0,0,1,1,0,0,0,1,0
melspec_1716.npy,0,0,0,1,0,0,0,0,1,0
melspec_171.npy,0,0,0,1,0,0,1,0,1,0
melspec_1705.npy,0,0,0,1,0,0,1,0,1,0
melspec_1706.npy,0,0,0,0,0,0,0,0,1,1
melspec_1702.npy,0,0,0,0,0,0,0,0,1,0
melspec_1707.npy,1,0,0,0,0,0,0,1,1,0
melspec_170.npy,1,0,0,0,0,0,0,0,1,0
melspec_1700.npy,0,0,0,1,0,0,0,0,1,0
melspec_1703.npy,0,0,0,0,0,1,0,0,1,0
melspec_1704.npy,1,0,0,0,0,0,0,0,1,0
melspec_1708.npy,0,0,0,1,0,0,0,0,1,0
melspec_1701.npy,1,0,0,0,0,0,0,0,1,0
melspec_1697.npy,0,0,0,0,1,0,0,0,1,0
melspec_1694.npy,1,0,0,0,0,0,0,0,1,0
melspec_17.npy,0,0,0,0,1,0,0,0,1,0
melspec_1695.npy,0,0,0,0,0,0,0,0,1,0
melspec_1691.npy,0,0,1,1,0,0,0,0,1,0
melspec_1698.npy,0,0,0,0,0,0,0,0,1,0
melspec_1693.npy,0,0,0,0,0,0,0,0,1,0
melspec_1696.npy,0,0,0,0,0,1,0,0,1,0
melspec_1692.npy,0,0,0,0,0,0,0,0,1,1
melspec_1699.npy,1,0,0,0,1,0,0,0,1,0
melspec_177.npy,0,0,0,1,0,0,1,0,1,0
melspec_1771.npy,0,0,0,0,0,1,0,0,1,0
melspec_1763.npy,1,0,0,0,0,0,0,0,1,0
melspec_1769.npy,0,0,0,0,0,0,1,0,1,0
melspec_1770.npy,0,0,0,0,1,0,0,0,1,0
melspec_1768.npy,0,0,0,1,0,0,0,0,1,0
melspec_1767.npy,0,0,0,0,0,1,0,0,1,0
melspec_1764.npy,0,0,0,0,1,0,0,0,1,0
melspec_176.npy,0,0,0,0,0,0,0,0,1,1
melspec_1762.npy,0,0,0,1,0,0,1,0,1,0
melspec_1755.npy,0,0,0,0,0,0,0,0,1,0
melspec_1757.npy,0,0,0,0,0,0,0,0,1,0
melspec_1758.npy,1,0,0,0,1,0,0,0,1,0
melspec_1754.npy,0,0,0,0,0,0,0,0,1,0
melspec_1756.npy,0,0,0,0,0,1,0,0,1,0
melspec_1759.npy,0,0,0,1,0,0,0,0,1,0
melspec_1761.npy,0,0,0,1,0,0,1,0,1,0
melspec_1760.npy,0,0,0,0,0,0,0,0,1,0
melspec_1751.npy,1,0,0,1,0,0,0,0,1,0
melspec_1749.npy,0,0,0,1,0,0,1,0,1,0
melspec_1748.npy,0,0,0,1,0,0,1,0,1,0
melspec_1745.npy,0,0,0,0,1,0,0,0,1,0
melspec_1746.npy,0,0,0,0,0,0,0,0,1,0
melspec_1747.npy,0,0,0,0,0,0,0,0,1,0
melspec_1750.npy,1,0,0,1,0,0,0,0,1,0
melspec_1752.npy,0,0,0,0,1,0,0,0,1,0
melspec_175.npy,1,0,0,0,1,0,0,0,0,0
melspec_1753.npy,0,0,0,0,0,1,0,0,1,0
melspec_1739.npy,0,0,0,0,0,0,0,0,1,0
melspec_1740.npy,0,0,0,0,0,0,0,0,1,0
melspec_1738.npy,0,0,0,0,1,0,0,0,1,0
melspec_1744.npy,0,0,0,0,0,0,0,0,1,0
melspec_174.npy,0,0,0,0,0,0,0,0,1,1
melspec_1742.npy,0,0,0,0,0,1,0,0,1,0
melspec_1741.npy,0,0,0,1,0,0,0,0,1,0
melspec_1737.npy,0,1,0,0,0,0,0,0,1,0
melspec_1743.npy,0,0,0,0,0,0,0,1,1,0
melspec_1736.npy,0,0,0,1,0,0,0,0,1,0
melspec_1732.npy,0,0,0,1,0,0,0,1,1,0
melspec_1731.npy,1,0,0,0,0,1,0,0,1,0
melspec_1728.npy,0,0,0,0,0,0,1,0,1,0
melspec_1730.npy,0,0,0,0,0,1,0,0,1,0
melspec_1733.npy,1,0,0,0,0,0,0,0,1,0
melspec_1734.npy,0,0,0,0,0,1,0,0,1,0
melspec_1735.npy,0,0,1,0,0,0,0,0,1,0
melspec_173.npy,0,0,0,1,1,0,0,0,1,0
melspec_1729.npy,0,0,0,0,0,0,0,0,1,0
melspec_1804.npy,0,0,0,0,1,0,0,0,1,0
melspec_1800.npy,0,0,0,0,0,1,0,0,1,0
melspec_1805.npy,0,0,0,1,0,0,1,0,1,0
melspec_1802.npy,1,0,0,0,0,0,0,0,1,0
melspec_180.npy,0,0,0,1,0,0,0,0,1,0
melspec_1803.npy,0,1,0,0,0,0,0,0,1,0
melspec_1807.npy,0,0,0,0,0,0,0,0,1,0
melspec_1806.npy,0,0,0,1,0,0,1,0,1,0
melspec_1801.npy,1,0,0,0,1,0,0,0,1,0
melspec_18.npy,0,0,0,0,1,0,0,0,1,0
melspec_1797.npy,0,0,1,0,0,0,0,0,1,0
melspec_1792.npy,0,0,0,0,0,0,0,1,1,0
melspec_1793.npy,0,0,0,0,0,0,0,0,1,0
melspec_1796.npy,1,0,0,0,0,0,0,0,1,0
melspec_1799.npy,0,0,0,0,0,0,0,0,1,0
melspec_1791.npy,0,0,0,1,0,0,1,0,1,0
melspec_1795.npy,0,0,1,0,0,0,0,0,1,0
melspec_1790.npy,0,0,0,0,0,0,0,0,1,0
melspec_1798.npy,0,0,0,0,0,1,0,0,1,0
melspec_1794.npy,0,0,1,0,0,0,0,0,1,0
melspec_1782.npy,0,0,0,0,0,0,0,0,1,0
melspec_179.npy,0,0,0,0,0,1,0,1,1,0
melspec_1784.npy,0,0,0,0,0,1,0,0,1,0
melspec_1785.npy,0,0,0,0,0,1,0,0,1,0
melspec_1789.npy,0,0,0,0,0,0,0,0,1,0
melspec_1783.npy,0,0,0,1,0,0,0,0,1,0
melspec_1787.npy,0,0,0,1,0,0,0,0,1,0
melspec_1786.npy,0,0,0,1,0,0,0,0,1,0
melspec_1788.npy,0,0,0,0,0,0,0,0,1,0
melspec_1781.npy,0,0,1,0,0,0,0,0,1,0
melspec_1773.npy,0,0,0,0,0,0,0,0,1,0
melspec_1779.npy,0,0,0,0,0,0,0,0,1,0
melspec_1780.npy,1,0,0,0,0,0,0,0,1,0
melspec_1772.npy,0,0,1,0,0,0,0,0,1,0
melspec_1778.npy,0,0,0,0,0,0,0,0,1,0
melspec_1777.npy,0,1,0,1,0,0,0,0,1,0
melspec_1774.npy,1,0,0,0,0,0,0,0,1,0
melspec_1775.npy,0,0,0,0,1,0,0,0,1,0
melspec_1776.npy,0,0,0,0,0,1,0,0,1,0
melspec_178.npy,1,0,0,1,0,0,0,0,1,0
melspec_1765.npy,0,0,0,0,0,0,0,0,1,1
melspec_1766.npy,0,0,1,0,0,0,0,0,1,0
melspec_1851.npy,0,0,0,0,0,1,0,0,1,0
melspec_1849.npy,1,0,0,1,0,0,0,0,1,0
melspec_1845.npy,1,0,0,0,0,0,0,0,1,0
melspec_1843.npy,1,0,0,0,0,0,0,0,1,0
melspec_1841.npy,0,0,0,0,1,0,0,0,1,0
melspec_1835.npy,0,0,0,0,1,0,0,0,1,0
melspec_1840.npy,0,0,0,0,0,0,0,0,1,1
melspec_1837.npy,0,0,0,0,0,0,0,0,1,1
melspec_184.npy,1,0,0,0,0,0,0,0,1,0
melspec_1836.npy,0,0,0,0,0,0,0,0,1,0
melspec_1839.npy,0,0,0,0,0,0,0,0,1,0
melspec_1842.npy,0,1,0,1,0,0,0,0,1,0
melspec_1838.npy,0,1,0,0,0,0,0,0,1,0
melspec_183.npy,0,0,0,0,0,1,0,0,0,0
melspec_1832.npy,1,0,0,0,1,0,0,0,1,0
melspec_1833.npy,0,0,1,0,0,0,0,0,1,0
melspec_1828.npy,0,0,0,1,1,0,0,0,1,0
melspec_1826.npy,0,0,0,0,1,0,0,0,1,0
melspec_1830.npy,1,0,0,0,0,0,0,0,1,0
melspec_1829.npy,0,0,0,0,0,0,0,0,1,0
melspec_1834.npy,0,0,0,0,0,0,0,0,1,1
melspec_1827.npy,1,0,0,0,0,0,0,0,1,0
melspec_1831.npy,0,0,0,0,0,0,0,0,1,1
melspec_182.npy,0,0,0,0,0,0,0,0,1,1
melspec_1819.npy,0,0,0,1,0,0,0,0,1,0
melspec_1822.npy,1,0,0,0,1,0,0,0,1,0
melspec_1818.npy,0,0,0,1,0,0,0,0,1,0
melspec_1821.npy,0,0,1,0,0,0,0,0,1,0
melspec_1823.npy,0,0,0,0,0,0,0,0,1,1
melspec_1820.npy,0,0,0,0,0,1,0,0,1,0
melspec_1825.npy,1,0,0,1,0,0,0,0,1,0
melspec_1817.npy,0,0,0,0,0,0,0,0,1,0
melspec_1824.npy,0,0,0,1,0,0,0,1,1,0
melspec_1816.npy,0,0,0,1,0,0,0,0,1,0
melspec_1814.npy,0,0,0,1,0,0,0,0,1,0
melspec_1809.npy,0,0,0,1,0,0,0,1,1,0
melspec_1810.npy,1,0,0,0,1,0,0,0,1,0
melspec_1812.npy,0,0,0,1,0,0,1,0,1,0
melspec_181.npy,0,0,0,0,0,0,0,1,1,0
melspec_1813.npy,0,0,1,0,0,0,0,0,1,0
melspec_1815.npy,0,0,0,0,0,0,0,0,1,1
melspec_1808.npy,1,0,0,1,0,0,0,0,1,0
melspec_1811.npy,0,0,0,0,1,0,0,0,1,0
melspec_1888.npy,1,0,0,0,1,0,0,0,1,0
melspec_1889.npy,0,1,0,0,0,0,0,0,0,0
melspec_1880.npy,0,0,0,0,0,1,0,0,1,0
melspec_1881.npy,0,0,0,1,0,0,1,0,1,0
melspec_1887.npy,1,0,0,0,1,0,0,0,1,0
melspec_1885.npy,0,0,0,0,1,0,0,0,1,0
melspec_1886.npy,0,0,0,0,0,0,0,0,1,0
melspec_1884.npy,0,0,0,0,0,0,0,1,1,0
melspec_1883.npy,0,0,0,0,0,1,0,0,1,0
melspec_1882.npy,0,0,0,0,0,0,0,0,1,1
melspec_1877.npy,1,0,0,0,0,0,0,0,1,0
melspec_1876.npy,1,0,0,0,1,0,0,0,1,0
melspec_1871.npy,0,0,0,0,1,0,0,0,1,0
melspec_1875.npy,0,0,0,1,0,0,1,0,1,0
melspec_1878.npy,1,0,0,0,1,0,1,0,1,0
melspec_1874.npy,0,0,0,0,1,0,0,0,1,0
melspec_1873.npy,0,0,0,0,0,0,0,0,1,0
melspec_1879.npy,0,0,0,0,0,0,0,0,1,1
melspec_188.npy,1,0,0,0,1,0,0,0,1,0
melspec_1872.npy,0,0,0,0,0,0,0,1,0,0
melspec_1865.npy,0,0,0,0,0,1,0,0,1,0
melspec_1862.npy,0,0,1,0,0,0,0,0,1,0
melspec_1863.npy,0,0,1,0,0,0,0,0,1,0
melspec_1868.npy,1,0,0,1,0,0,0,0,1,0
melspec_1869.npy,1,0,0,0,0,0,0,0,1,0
melspec_1867.npy,1,0,0,0,0,0,0,0,1,0
melspec_1866.npy,0,0,0,0,0,0,0,1,1,0
melspec_1864.npy,0,1,0,0,0,0,0,0,1,0
melspec_1870.npy,1,0,0,0,0,0,0,0,1,0
melspec_187.npy,0,0,0,0,0,1,0,0,1,0
melspec_186.npy,1,0,0,0,0,0,0,0,1,0
melspec_1861.npy,0,0,0,1,1,0,0,0,1,0
melspec_1853.npy,0,0,0,0,1,0,0,0,1,0
melspec_1855.npy,0,0,0,1,1,0,0,0,1,0
melspec_1856.npy,0,0,0,0,0,0,0,0,1,0
melspec_1860.npy,0,0,0,0,0,0,0,1,1,0
melspec_1858.npy,0,0,0,0,1,0,0,1,1,0
melspec_1854.npy,0,0,0,1,0,0,0,1,1,0
melspec_1859.npy,0,0,0,0,1,0,0,0,1,0
melspec_1857.npy,0,0,0,1,0,0,1,0,1,0
melspec_1846.npy,1,0,0,0,0,0,0,0,1,0
melspec_185.npy,0,0,0,1,0,0,1,0,1,0
melspec_1850.npy,1,0,0,0,0,0,0,0,1,0
melspec_1848.npy,0,0,0,1,0,1,1,0,1,0
melspec_1847.npy,1,0,0,0,0,0,0,0,1,0
melspec_1844.npy,1,0,0,0,0,0,0,0,1,0
melspec_1852.npy,0,0,0,0,1,0,0,0,1,0
melspec_1928.npy,0,0,0,0,0,1,0,0,1,0
melspec_1929.npy,0,0,0,1,0,0,0,0,1,0
melspec_193.npy,0,0,0,0,0,1,0,0,1,0
melspec_1926.npy,0,0,0,1,0,0,0,0,1,0
melspec_1931.npy,1,0,0,0,0,0,0,0,1,0
melspec_1933.npy,0,0,0,0,0,0,0,0,1,0
melspec_1930.npy,0,0,0,0,0,0,0,0,1,0
melspec_1922.npy,1,0,0,0,1,0,0,0,1,0
melspec_192.npy,0,0,0,0,0,0,0,1,1,0
melspec_1919.npy,0,0,1,0,0,0,0,0,0,0
melspec_1918.npy,0,0,0,0,0,0,0,0,1,1
melspec_1920.npy,0,0,0,0,1,0,0,0,1,0
melspec_1921.npy,1,0,0,0,0,0,0,0,1,0
melspec_1923.npy,0,0,0,0,0,0,0,0,1,1
melspec_1917.npy,0,0,1,0,1,0,0,0,1,0
melspec_1924.npy,0,0,0,1,0,0,1,0,1,0
melspec_1916.npy,0,0,0,1,0,0,0,0,1,0
melspec_191.npy,0,0,0,1,0,0,0,0,1,0
melspec_1913.npy,0,0,0,0,1,0,0,0,1,0
melspec_1909.npy,0,0,0,1,0,0,0,0,1,0
melspec_1914.npy,0,0,0,0,0,1,0,0,1,0
melspec_1908.npy,0,0,0,0,0,0,0,0,1,1
melspec_1910.npy,1,0,0,0,1,0,0,0,1,0
melspec_1911.npy,0,0,0,1,1,0,0,0,1,0
melspec_1915.npy,1,0,0,1,0,0,0,0,1,0
melspec_1907.npy,0,0,0,1,0,0,1,0,1,0
melspec_1912.npy,0,0,0,0,0,0,0,0,1,0
melspec_19.npy,0,0,0,1,0,0,0,0,1,0
melspec_1901.npy,0,0,0,1,0,0,1,0,1,0
melspec_1905.npy,0,0,0,1,0,0,0,0,1,0
melspec_1902.npy,0,0,0,1,0,0,0,0,1,0
melspec_1903.npy,0,0,0,0,0,0,0,1,1,0
melspec_1906.npy,0,0,0,0,1,0,0,0,1,0
melspec_190.npy,0,0,1,0,0,0,0,0,1,0
melspec_1900.npy,0,1,0,0,0,0,0,0,1,0
melspec_1899.npy,0,0,0,1,0,0,0,0,1,0
melspec_1904.npy,0,0,0,0,0,1,1,0,1,0
melspec_189.npy,1,0,0,1,0,0,0,0,1,0
melspec_1894.npy,0,0,0,0,0,0,0,0,1,0
melspec_1892.npy,0,0,0,0,0,0,0,1,1,0
melspec_1895.npy,1,0,0,0,0,0,0,0,1,0
melspec_1890.npy,1,0,0,0,0,1,0,0,1,0
melspec_1893.npy,1,0,0,1,0,0,0,0,1,0
melspec_1891.npy,0,0,0,0,0,1,0,0,1,0
melspec_1896.npy,0,0,0,0,0,0,0,0,1,1
melspec_1897.npy,1,0,1,0,0,0,0,0,1,0
melspec_1898.npy,1,0,0,0,0,0,0,0,1,0
melspec_1979.npy,0,0,0,0,0,0,0,1,1,0
melspec_197.npy,0,0,0,1,0,0,1,0,1,0
melspec_1967.npy,0,0,0,0,0,1,0,0,1,0
melspec_1963.npy,1,0,0,0,0,0,0,0,1,0
melspec_1966.npy,0,0,0,0,0,0,0,0,1,0
melspec_1965.npy,0,0,1,0,0,0,0,0,1,0
melspec_1962.npy,0,0,0,0,0,0,0,0,1,1
melspec_1961.npy,0,0,1,0,0,0,0,0,1,0
melspec_1964.npy,1,0,0,0,0,0,0,0,1,0
melspec_1968.npy,0,0,0,0,0,0,0,1,1,0
melspec_1969.npy,1,0,0,1,0,0,0,0,1,0
melspec_1955.npy,0,0,0,1,0,0,1,0,1,0
melspec_1959.npy,0,0,0,1,1,0,0,0,1,0
melspec_1956.npy,0,0,0,0,0,0,1,0,1,0
melspec_196.npy,1,0,0,0,0,0,0,0,1,0
melspec_1954.npy,1,0,0,1,0,0,0,0,1,0
melspec_1953.npy,0,1,0,0,0,0,0,0,1,0
melspec_1960.npy,1,0,0,0,0,0,0,0,1,0
melspec_1958.npy,1,0,0,0,0,0,0,0,1,0
melspec_1957.npy,0,0,0,0,0,0,0,0,1,0
melspec_1952.npy,1,0,0,0,0,0,0,0,1,0
melspec_1950.npy,0,0,0,1,1,0,0,0,1,0
melspec_195.npy,0,0,0,1,0,0,0,0,1,0
melspec_1945.npy,1,0,0,0,0,0,0,0,1,0
melspec_1943.npy,0,0,0,1,0,0,0,0,1,0
melspec_1949.npy,0,0,0,0,1,0,0,0,1,0
melspec_1951.npy,0,0,0,0,0,0,0,0,1,0
melspec_1948.npy,1,0,0,0,0,0,0,0,1,0
melspec_1947.npy,0,0,0,0,0,0,0,0,1,0
melspec_1944.npy,1,0,0,0,0,0,0,0,1,0
melspec_1946.npy,0,0,1,0,0,0,0,0,1,0
melspec_1942.npy,1,0,0,0,0,0,0,0,1,0
melspec_1936.npy,0,1,0,0,0,0,0,1,1,0
melspec_1939.npy,0,0,0,1,1,0,0,0,1,0
melspec_1934.npy,1,0,0,1,0,0,0,0,1,0
melspec_1938.npy,0,0,0,0,0,1,0,0,1,0
melspec_1940.npy,0,0,0,0,0,0,0,0,1,0
melspec_1935.npy,0,0,0,1,0,0,1,0,1,0
melspec_194.npy,0,0,0,1,0,0,0,0,1,0
melspec_1941.npy,0,1,0,0,0,0,0,0,1,0
melspec_1937.npy,0,0,0,0,1,0,0,0,1,0
melspec_1925.npy,0,0,0,0,0,0,0,0,1,0
melspec_1927.npy,1,0,0,0,0,0,0,0,0,0
melspec_1932.npy,0,0,0,1,0,0,0,0,1,0
melspec_2011.npy,1,0,0,0,0,0,0,0,1,0
melspec_2005.npy,0,0,0,1,0,0,1,0,1,0
melspec_2013.npy,0,0,0,0,0,0,0,0,0,0
melspec_2012.npy,0,0,0,0,0,1,0,0,1,0
melspec_200.npy,1,0,0,0,0,0,0,0,1,0
melspec_2001.npy,1,0,0,1,0,0,1,0,1,0
melspec_2.npy,0,0,0,1,0,1,0,0,1,0
melspec_2003.npy,0,0,0,0,0,0,0,0,1,0
melspec_1998.npy,1,0,0,0,0,0,0,0,1,0
melspec_1999.npy,0,0,0,1,0,0,0,0,1,0
melspec_2004.npy,0,0,0,0,0,1,0,0,1,0
melspec_2002.npy,0,0,0,1,0,0,1,0,1,0
melspec_2000.npy,0,0,0,0,1,0,0,0,1,0
melspec_20.npy,0,0,0,0,0,1,0,0,1,0
melspec_199.npy,0,0,0,0,1,0,0,0,1,0
melspec_1994.npy,0,0,0,0,0,0,0,1,0,0
melspec_1997.npy,0,0,0,0,0,0,0,0,1,0
melspec_1989.npy,0,0,0,0,1,0,0,0,1,0
melspec_1992.npy,0,0,0,0,0,0,0,0,1,0
melspec_1995.npy,0,0,0,0,0,0,0,0,1,1
melspec_1990.npy,0,0,0,1,0,0,0,0,1,0
melspec_1996.npy,1,0,0,0,0,0,0,0,1,0
melspec_1993.npy,0,0,0,0,0,0,0,0,1,0
melspec_1991.npy,0,0,0,0,0,0,0,0,1,0
melspec_1980.npy,0,0,0,0,0,0,0,0,1,0
melspec_1985.npy,0,0,0,0,1,0,0,0,1,0
melspec_1987.npy,0,0,0,0,0,1,0,0,1,0
melspec_1983.npy,0,0,0,0,0,0,0,1,1,0
melspec_1981.npy,0,0,0,1,0,0,0,0,1,0
melspec_1986.npy,0,0,0,0,0,0,0,0,1,0
melspec_1982.npy,0,1,0,0,0,0,0,0,0,0
melspec_1984.npy,0,0,0,0,0,0,0,0,1,1
melspec_198.npy,0,0,0,0,0,0,0,0,1,0
melspec_1988.npy,0,1,0,0,0,0,0,0,1,0
melspec_1973.npy,0,0,0,0,1,0,0,0,0,0
melspec_1974.npy,0,1,0,1,0,0,0,0,1,0
melspec_1971.npy,0,0,0,0,0,0,0,0,1,1
melspec_1978.npy,0,0,0,1,1,0,0,0,1,0
melspec_1972.npy,1,0,0,0,0,0,0,0,1,0
melspec_1975.npy,0,0,0,1,0,0,1,0,1,0
melspec_1976.npy,0,0,0,0,0,0,1,0,1,0
melspec_1977.npy,1,0,0,1,0,0,0,0,1,0
melspec_1970.npy,0,0,0,0,0,0,0,0,1,0
melspec_2053.npy,0,0,0,0,0,0,0,0,1,0
melspec_2042.npy,0,0,0,0,0,1,0,0,1,0
melspec_2043.npy,1,0,0,0,0,0,0,0,1,0
melspec_2046.npy,0,0,0,0,1,0,0,0,1,0
melspec_2047.npy,0,0,0,0,0,1,0,0,0,0
melspec_2049.npy,0,1,0,0,0,1,0,0,1,0
melspec_2045.npy,0,0,0,0,0,0,0,0,1,0
melspec_2048.npy,0,0,0,0,0,0,0,0,1,1
melspec_2044.npy,0,0,0,1,0,0,0,0,1,0
melspec_2041.npy,0,0,0,0,0,0,0,0,1,1
melspec_205.npy,0,1,0,1,0,0,0,0,1,0
melspec_2033.npy,1,0,0,1,0,0,1,0,1,0
melspec_204.npy,0,0,0,0,0,0,0,0,1,0
melspec_2039.npy,0,0,0,0,0,0,0,0,1,0
melspec_2035.npy,0,0,0,0,1,0,0,0,0,0
melspec_2034.npy,0,0,0,0,0,0,1,0,1,0
melspec_2040.npy,0,0,0,0,0,0,0,0,1,0
melspec_2038.npy,0,1,0,0,0,0,0,0,1,0
melspec_2036.npy,0,0,0,0,0,0,0,0,1,0
melspec_2037.npy,0,0,1,0,0,0,0,0,1,0
melspec_2032.npy,1,0,0,0,0,0,0,0,1,0
melspec_2031.npy,0,0,0,0,0,1,0,0,1,0
melspec_2030.npy,1,0,0,0,0,0,0,0,1,0
melspec_2023.npy,0,0,0,0,1,0,0,0,1,0
melspec_2025.npy,0,0,0,0,0,0,0,0,1,0
melspec_2027.npy,0,0,0,0,0,0,0,0,1,0
melspec_2024.npy,0,0,0,0,0,0,0,0,1,1
melspec_2026.npy,0,0,1,0,0,0,0,0,1,0
melspec_2029.npy,0,0,0,0,0,1,0,0,1,0
melspec_203.npy,0,0,0,1,0,0,0,0,1,0
melspec_2028.npy,0,0,0,0,0,0,0,0,1,0
melspec_2022.npy,0,0,0,1,0,1,0,0,1,0
melspec_2016.npy,0,0,0,0,0,0,0,0,1,1
melspec_202.npy,0,0,0,0,0,0,0,0,1,0
melspec_2014.npy,0,0,0,0,0,0,0,0,1,0
melspec_2021.npy,1,0,0,0,0,0,0,0,1,0
melspec_2020.npy,0,0,0,0,0,0,0,0,1,0
melspec_2015.npy,0,0,0,0,0,0,0,0,1,0
melspec_2017.npy,0,0,1,0,0,0,0,0,1,0
melspec_2018.npy,0,0,0,0,1,0,0,0,0,0
melspec_2019.npy,0,0,0,0,0,0,0,0,1,1
melspec_2010.npy,1,0,0,0,0,0,0,0,1,0
melspec_201.npy,0,0,0,1,0,0,0,0,1,0
melspec_2009.npy,0,0,0,0,0,0,0,0,1,1
melspec_2007.npy,0,0,0,1,0,0,0,0,1,0
melspec_2006.npy,1,0,0,0,0,0,0,0,1,0
melspec_2008.npy,0,0,0,1,0,0,1,0,1,0
melspec_2092.npy,0,0,0,0,0,0,1,0,1,0
melspec_2088.npy,0,0,0,0,0,0,0,0,1,0
melspec_2094.npy,1,0,0,1,0,0,0,0,1,0
melspec_2090.npy,0,0,0,0,0,0,0,0,1,1
melspec_2095.npy,0,1,0,0,1,0,1,0,1,0
melspec_2091.npy,0,0,0,0,0,0,0,0,1,0
melspec_2089.npy,0,1,0,0,0,0,0,0,1,0
melspec_2087.npy,0,0,0,1,0,0,1,0,1,0
melspec_209.npy,0,0,0,0,0,1,0,0,1,0
melspec_2080.npy,1,0,0,1,0,0,0,0,1,0
melspec_2082.npy,0,1,0,0,0,0,0,0,1,0
melspec_2079.npy,0,0,0,0,0,0,0,0,1,0
melspec_208.npy,0,0,0,0,0,0,0,0,1,0
melspec_2084.npy,0,0,0,0,0,0,0,0,1,1
melspec_2083.npy,0,0,0,0,0,0,0,0,1,0
melspec_2085.npy,0,0,0,0,0,0,0,0,1,0
melspec_2086.npy,0,0,0,0,0,0,0,0,1,0
melspec_2078.npy,1,0,0,1,0,0,1,0,1,0
melspec_2081.npy,0,0,0,1,0,0,0,0,1,0
melspec_2070.npy,0,0,0,0,0,1,0,0,1,0
melspec_2074.npy,0,0,1,0,0,0,0,0,1,0
melspec_2072.npy,0,0,0,1,0,0,0,0,1,0
melspec_2077.npy,0,0,0,0,1,0,0,0,1,0
melspec_2071.npy,0,0,0,0,0,0,0,1,1,0
melspec_2076.npy,0,0,0,0,0,1,0,0,1,0
melspec_2075.npy,0,0,0,0,0,0,0,0,1,0
melspec_2073.npy,1,0,0,0,0,0,0,0,1,0
melspec_2069.npy,0,0,0,0,0,0,0,0,1,0
melspec_207.npy,0,0,0,0,0,0,0,0,1,0
melspec_2061.npy,0,0,0,1,0,0,1,0,1,0
melspec_2062.npy,0,0,0,0,1,0,0,0,1,0
melspec_2063.npy,0,0,0,0,0,0,0,0,1,0
melspec_2067.npy,0,0,0,1,0,0,0,0,1,0
melspec_206.npy,0,0,0,0,0,0,0,0,1,0
melspec_2064.npy,1,0,0,0,0,0,0,0,0,0
melspec_2068.npy,0,0,1,0,0,0,0,0,1,0
melspec_2066.npy,0,0,1,0,0,0,0,0,1,0
melspec_2065.npy,0,0,1,0,0,0,0,0,1,0
melspec_2060.npy,0,0,0,0,0,0,0,0,1,0
melspec_2051.npy,0,0,0,0,0,0,0,0,1,0
melspec_2057.npy,0,0,0,0,0,1,0,0,0,0
melspec_2052.npy,0,0,0,0,0,0,0,0,1,0
melspec_2058.npy,0,0,0,1,0,0,0,0,1,0
melspec_2050.npy,0,0,0,0,0,0,0,0,1,0
melspec_2055.npy,0,0,0,0,1,0,0,0,1,0
melspec_2054.npy,0,0,1,0,0,0,0,0,1,0
melspec_2059.npy,0,0,0,0,0,0,1,0,1,0
melspec_2056.npy,0,0,0,0,0,0,0,0,1,0
melspec_2130.npy,1,0,0,0,0,0,0,0,1,0
melspec_2125.npy,1,0,0,0,0,0,0,0,1,0
melspec_213.npy,0,0,0,1,0,0,0,0,1,0
melspec_2126.npy,0,0,0,1,0,0,0,1,1,0
melspec_2123.npy,0,1,0,0,0,0,0,0,1,0
melspec_2127.npy,0,1,0,0,0,0,0,0,1,0
melspec_2128.npy,0,0,0,0,1,0,0,0,1,0
melspec_2124.npy,1,0,0,1,0,0,0,0,1,0
melspec_2122.npy,0,0,0,0,0,1,0,0,1,0
melspec_2129.npy,0,0,1,0,0,0,0,0,1,0
melspec_2119.npy,0,0,0,0,0,0,0,0,1,1
melspec_2120.npy,0,0,0,0,0,0,0,0,1,1
melspec_2121.npy,0,0,0,0,0,0,0,0,1,0
melspec_212.npy,0,0,0,1,0,1,0,0,1,0
melspec_2117.npy,0,0,0,0,1,0,0,0,1,0
melspec_2115.npy,0,0,0,0,1,0,0,0,1,0
melspec_2114.npy,0,0,0,0,0,0,0,0,1,0
melspec_2118.npy,0,0,0,0,0,0,0,0,1,0
melspec_2116.npy,0,0,0,0,0,0,0,1,1,0
melspec_2113.npy,0,0,0,0,0,0,0,0,1,1
melspec_2108.npy,0,1,0,0,0,0,0,0,1,0
melspec_2107.npy,1,0,0,0,0,0,0,0,1,0
melspec_211.npy,0,0,0,1,0,0,1,0,1,0
melspec_2111.npy,0,0,0,1,0,0,0,0,1,0
melspec_2110.npy,0,0,0,0,0,0,0,0,1,0
melspec_2112.npy,1,0,0,0,0,0,0,0,1,0
melspec_2104.npy,0,0,0,0,0,0,0,1,1,0
melspec_2106.npy,0,0,0,1,0,0,1,0,1,0
melspec_2105.npy,0,0,0,0,0,1,0,0,1,0
melspec_2109.npy,1,0,0,0,0,0,0,0,1,0
melspec_2102.npy,0,0,0,0,0,1,0,0,1,0
melspec_2098.npy,0,0,0,0,1,0,0,0,1,0
melspec_2101.npy,0,0,0,0,0,0,0,0,1,0
melspec_210.npy,0,0,0,0,0,0,1,0,1,0
melspec_2097.npy,0,0,0,0,0,0,0,0,1,0
melspec_2103.npy,0,1,0,0,0,0,0,0,1,0
melspec_2099.npy,0,0,0,0,0,0,0,0,1,0
melspec_21.npy,1,0,0,0,0,0,0,0,1,0
melspec_2100.npy,0,0,0,0,0,0,0,0,1,1
melspec_2096.npy,0,0,0,0,0,1,0,0,1,0
melspec_2093.npy,1,0,0,0,0,0,0,0,0,0
melspec_2169.npy,0,0,0,0,0,1,0,0,1,0
melspec_217.npy,0,0,0,0,0,0,1,0,1,0
melspec_2168.npy,0,0,0,0,0,0,0,0,1,0
melspec_2167.npy,1,0,0,0,0,0,0,0,1,0
melspec_2164.npy,0,0,0,0,0,0,0,0,1,0
melspec_2163.npy,0,0,0,0,0,0,0,0,1,0
melspec_2161.npy,0,0,0,0,1,0,0,1,1,0
melspec_2160.npy,0,1,0,0,0,0,0,0,1,0
melspec_2165.npy,0,0,0,0,0,0,0,1,1,0
melspec_2159.npy,0,0,0,0,0,0,0,0,1,0
melspec_2166.npy,0,0,0,1,0,0,0,0,1,0
melspec_2162.npy,0,0,0,0,0,0,0,0,1,0
melspec_216.npy,0,0,0,0,0,1,0,0,0,0
melspec_2152.npy,0,0,0,0,1,0,0,0,1,0
melspec_2158.npy,1,0,0,1,0,0,0,0,1,0
melspec_215.npy,0,0,0,0,0,1,0,0,1,1
melspec_2155.npy,1,0,0,0,0,0,0,0,1,0
melspec_2150.npy,0,0,0,0,0,0,0,0,1,1
melspec_2157.npy,1,0,0,0,0,0,0,0,1,0
melspec_2154.npy,1,0,0,1,0,0,0,0,1,0
melspec_2151.npy,1,0,0,0,0,0,0,0,0,0
melspec_2156.npy,0,0,0,1,0,0,1,0,0,0
melspec_2153.npy,0,0,0,0,0,0,1,0,1,0
melspec_2141.npy,0,0,0,0,0,1,0,0,1,0
melspec_2143.npy,1,0,0,0,1,0,0,0,1,0
melspec_2147.npy,0,1,0,0,0,0,0,1,0,0
melspec_2146.npy,0,0,0,0,0,0,0,0,1,0
melspec_2144.npy,0,0,1,0,0,0,0,0,1,0
melspec_2149.npy,1,0,0,0,0,0,0,0,1,0
melspec_2140.npy,1,0,0,0,1,0,0,0,1,0
melspec_2142.npy,1,0,0,0,0,0,0,0,1,0
melspec_2148.npy,0,0,0,0,0,0,0,0,1,0
melspec_2145.npy,0,0,0,0,0,0,0,1,1,0
melspec_2138.npy,0,0,0,0,0,0,0,0,1,0
melspec_2135.npy,0,0,0,0,0,0,0,0,1,0
melspec_2133.npy,1,0,0,0,0,0,0,0,1,0
melspec_2134.npy,0,0,0,0,1,0,0,0,1,0
melspec_2136.npy,1,0,0,0,0,0,0,0,1,0
melspec_214.npy,0,0,0,0,1,0,0,0,1,0
melspec_2139.npy,0,0,0,0,1,0,0,0,1,0
melspec_2131.npy,1,0,0,1,0,0,1,0,1,0
melspec_2137.npy,0,0,1,0,0,0,0,0,1,0
melspec_2132.npy,0,0,0,0,0,0,0,0,1,1
melspec_2208.npy,0,0,0,0,0,0,0,1,0,0
melspec_2209.npy,0,0,0,0,0,0,0,0,1,1
melspec_2204.npy,0,0,0,0,0,0,0,0,0,0
melspec_2203.npy,0,0,1,0,0,0,0,0,1,0
melspec_2206.npy,1,0,0,0,0,0,0,0,1,0
melspec_221.npy,0,0,0,0,0,1,0,0,1,0
melspec_2205.npy,0,0,0,0,0,0,0,0,1,0
melspec_2207.npy,0,0,0,0,1,0,0,0,1,0
melspec_2210.npy,0,0,0,1,0,0,1,0,1,0
melspec_2211.npy,0,0,0,0,0,0,0,0,1,0
melspec_2195.npy,0,0,0,0,0,1,0,0,1,0
melspec_2198.npy,0,0,0,0,0,0,0,0,1,0
melspec_2196.npy,0,0,0,0,0,0,0,0,1,1
melspec_2199.npy,0,1,0,1,0,0,0,0,0,0
melspec_22.npy,0,0,0,1,0,0,0,0,1,0
melspec_2197.npy,0,0,1,0,1,0,0,0,1,0
melspec_2202.npy,0,0,0,0,0,0,0,1,1,0
melspec_2201.npy,0,0,0,0,0,0,0,1,1,0
melspec_2200.npy,1,0,0,0,0,0,0,0,1,0
melspec_220.npy,1,0,0,0,0,0,0,0,0,0
melspec_2189.npy,1,0,0,0,1,0,0,0,1,0
melspec_2194.npy,0,0,0,1,0,0,1,0,1,0
melspec_2186.npy,0,0,0,0,0,0,0,0,1,0
melspec_2191.npy,1,0,0,0,0,0,0,0,1,0
melspec_2188.npy,1,0,0,0,0,0,0,0,1,0
melspec_2190.npy,0,0,0,0,0,0,0,0,1,1
melspec_2193.npy,0,0,0,0,1,0,0,0,1,0
melspec_219.npy,0,0,0,0,0,0,0,0,1,1
melspec_2187.npy,0,0,0,0,0,1,0,0,1,0
melspec_2192.npy,0,0,0,0,0,0,0,0,1,1
melspec_2181.npy,0,0,0,0,0,0,0,0,1,1
melspec_2185.npy,0,0,1,0,0,0,0,0,1,0
melspec_2179.npy,0,0,0,0,0,0,0,0,1,0
melspec_2178.npy,0,1,0,0,0,0,0,0,1,0
melspec_218.npy,0,0,0,0,0,0,0,0,1,0
melspec_2180.npy,0,0,0,1,0,0,0,0,1,0
melspec_2183.npy,0,0,0,0,0,0,0,0,1,0
melspec_2184.npy,0,0,0,0,1,0,0,0,1,0
melspec_2182.npy,0,0,0,1,0,0,1,0,1,0
melspec_2177.npy,0,0,0,0,0,0,0,0,1,0
melspec_2175.npy,1,0,0,0,1,0,0,0,1,0
melspec_2171.npy,0,0,0,0,1,0,0,0,0,0
melspec_2176.npy,0,0,0,0,0,1,0,0,0,0
melspec_2170.npy,0,0,0,0,1,0,0,0,1,0
melspec_2174.npy,0,0,0,0,1,0,0,0,1,0
melspec_2173.npy,1,0,0,0,0,0,0,0,0,0
melspec_2172.npy,0,0,0,0,0,0,0,1,1,0
melspec_2249.npy,0,0,0,0,0,0,0,1,1,0
melspec_2240.npy,0,0,0,0,0,0,0,1,1,0
melspec_2242.npy,0,1,0,0,0,0,0,0,1,0
melspec_2248.npy,0,0,0,0,1,0,0,0,0,0
melspec_224.npy,1,0,0,0,0,0,0,0,1,0
melspec_2243.npy,0,0,0,0,0,1,0,0,1,0
melspec_2247.npy,0,0,0,0,0,0,0,0,1,0
melspec_2245.npy,0,0,0,0,0,0,0,0,1,0
melspec_2241.npy,0,0,0,0,0,1,0,0,1,0
melspec_2244.npy,1,0,0,0,1,0,0,0,1,0
melspec_2246.npy,0,0,0,0,0,0,0,0,1,0
melspec_2237.npy,0,0,0,0,0,0,0,0,1,0
melspec_2236.npy,0,0,0,0,0,0,0,0,1,0
melspec_2232.npy,0,0,0,0,1,0,0,0,1,0
melspec_2230.npy,0,0,0,0,0,0,0,0,1,0
melspec_2233.npy,0,0,0,0,0,0,0,0,1,1
melspec_2235.npy,0,0,0,0,0,1,0,0,1,0
melspec_2239.npy,0,0,1,0,0,0,0,0,1,0
melspec_2238.npy,1,0,0,0,1,0,0,0,1,0
melspec_2231.npy,0,0,0,0,0,0,0,0,1,0
melspec_2234.npy,0,1,0,0,0,0,0,0,1,0
melspec_2229.npy,0,1,0,1,1,0,0,0,1,0
melspec_2227.npy,0,0,0,0,1,0,0,0,1,0
melspec_2221.npy,0,0,0,0,0,0,0,0,1,0
melspec_2223.npy,0,0,0,1,0,0,1,0,1,0
melspec_2228.npy,1,0,0,1,0,0,0,0,1,0
melspec_2225.npy,0,0,0,1,0,0,0,0,1,0
melspec_2224.npy,1,0,0,0,0,0,0,0,1,0
melspec_2222.npy,1,0,0,0,1,0,0,0,1,0
melspec_223.npy,0,0,0,1,0,0,0,0,1,0
melspec_2226.npy,0,0,0,1,0,0,1,0,1,0
melspec_2214.npy,0,0,0,0,0,0,0,0,0,0
melspec_2213.npy,0,0,0,0,0,1,0,0,1,0
melspec_2218.npy,0,0,0,0,0,0,0,0,1,0
melspec_222.npy,0,0,0,1,0,0,1,0,1,0
melspec_2215.npy,0,0,0,0,1,0,0,0,1,0
melspec_2220.npy,1,0,0,0,0,0,0,0,1,0
melspec_2216.npy,0,0,0,0,0,0,0,1,1,0
melspec_2212.npy,0,0,0,1,0,0,1,0,1,0
melspec_2219.npy,0,0,0,1,0,0,1,0,1,0
melspec_2217.npy,1,0,0,0,0,0,0,0,1,0
melspec_2285.npy,0,0,0,0,0,1,0,0,1,0
melspec_2282.npy,1,0,0,0,0,0,0,0,1,0
melspec_228.npy,1,0,0,0,0,0,0,0,1,0
melspec_2284.npy,0,0,0,1,0,0,0,0,1,0
melspec_2280.npy,0,0,0,0,0,1,0,0,1,0
melspec_2281.npy,0,1,0,0,0,0,0,0,1,0
melspec_2278.npy,0,0,0,0,0,0,0,0,1,0
melspec_2283.npy,1,0,0,0,0,0,0,0,1,0
melspec_2279.npy,0,0,0,0,1,0,0,1,1,0
melspec_2276.npy,0,0,0,0,0,0,0,0,1,0
melspec_2277.npy,0,0,0,0,0,0,0,0,1,0
melspec_2273.npy,0,0,0,0,0,0,0,0,1,0
melspec_2272.npy,0,0,0,0,0,0,0,1,1,0
melspec_2275.npy,0,0,0,0,1,0,0,0,1,0
melspec_2271.npy,0,0,0,0,0,0,0,0,0,0
melspec_2274.npy,0,0,0,0,0,0,0,1,1,0
melspec_2267.npy,0,1,0,0,0,0,0,0,1,0
melspec_2270.npy,0,0,0,0,1,0,0,0,1,0
melspec_2268.npy,0,0,1,0,0,0,0,0,1,0
melspec_227.npy,0,0,0,0,0,1,0,0,1,0
melspec_2269.npy,0,0,0,0,0,0,0,0,1,0
melspec_2261.npy,0,1,0,0,0,0,0,0,1,0
melspec_2265.npy,0,0,0,0,0,0,0,0,1,0
melspec_226.npy,0,0,0,0,0,0,0,0,1,0
melspec_2266.npy,0,0,0,0,0,0,0,0,1,0
melspec_2260.npy,0,0,0,0,1,0,0,0,1,0
melspec_2258.npy,0,0,0,0,0,1,0,0,1,0
melspec_2262.npy,0,0,0,0,0,0,0,0,1,1
melspec_2264.npy,1,0,0,0,0,0,0,0,1,0
melspec_2263.npy,0,0,0,0,0,0,0,0,1,0
melspec_2259.npy,0,0,0,1,0,0,0,1,1,0
melspec_2254.npy,0,0,0,0,1,0,0,0,1,0
melspec_2251.npy,0,0,0,0,0,0,0,0,1,0
melspec_2252.npy,0,0,0,1,1,0,0,1,1,0
melspec_2257.npy,0,0,0,0,1,0,0,0,1,0
melspec_2253.npy,1,0,0,0,0,0,0,0,1,0
melspec_2250.npy,0,0,0,1,0,0,0,1,1,0
melspec_225.npy,1,0,0,0,0,0,0,0,1,0
melspec_2255.npy,1,0,0,0,0,0,0,0,1,0
melspec_2256.npy,0,1,0,0,0,0,0,0,1,0
melspec_2336.npy,0,0,0,0,0,0,0,0,1,0
melspec_2329.npy,0,0,1,0,0,0,0,0,1,0
melspec_2322.npy,0,0,0,0,0,0,0,1,1,0
melspec_2323.npy,0,0,0,1,0,0,0,0,1,0
melspec_2327.npy,0,0,0,1,0,0,0,0,1,0
melspec_2320.npy,0,0,0,0,0,0,0,0,1,0
melspec_2325.npy,0,0,0,0,0,1,0,0,1,0
melspec_2321.npy,0,0,0,0,0,1,0,0,1,0
melspec_2328.npy,0,0,0,0,0,0,0,0,1,0
melspec_2326.npy,1,0,0,0,0,0,0,0,1,0
melspec_2324.npy,0,0,0,0,0,1,0,0,1,0
melspec_2318.npy,0,0,0,0,0,0,0,0,1,0
melspec_2317.npy,1,0,0,0,0,0,0,0,1,0
melspec_2315.npy,0,0,0,0,0,0,0,0,1,0
melspec_2313.npy,0,0,1,0,0,0,0,0,1,0
melspec_2316.npy,0,0,0,0,0,1,0,0,1,0
melspec_2319.npy,1,0,0,0,0,0,0,0,1,0
melspec_2311.npy,0,0,0,0,0,0,0,0,1,0
melspec_2312.npy,0,0,0,0,0,0,0,1,1,1
melspec_2314.npy,0,0,0,0,1,0,0,0,1,0
melspec_232.npy,0,1,0,0,0,0,0,0,1,0
melspec_231.npy,0,0,1,1,0,0,0,0,1,0
melspec_2304.npy,0,0,0,1,0,0,0,0,1,0
melspec_2306.npy,0,0,0,0,0,1,0,0,1,0
melspec_2308.npy,0,0,0,0,0,0,0,0,1,0
melspec_2310.npy,1,0,0,0,0,0,0,0,1,0
melspec_2309.npy,0,0,0,0,1,0,0,0,1,0
melspec_2305.npy,0,0,0,1,0,0,1,0,0,0
melspec_2307.npy,0,0,0,0,0,0,0,0,1,0
melspec_2303.npy,0,0,0,1,0,0,0,0,1,0
melspec_2302.npy,0,0,0,0,1,0,0,0,1,0
melspec_2294.npy,0,0,0,0,0,0,0,1,1,0
melspec_2298.npy,1,0,0,0,0,0,0,0,1,0
melspec_2297.npy,0,0,0,0,0,0,0,0,1,0
melspec_2296.npy,0,0,0,0,1,0,0,0,1,0
melspec_23.npy,1,0,0,0,0,0,0,0,1,0
melspec_2301.npy,1,0,0,0,1,0,0,0,1,0
melspec_2295.npy,0,0,1,0,0,0,0,0,1,0
melspec_230.npy,0,0,0,0,0,0,0,0,1,0
melspec_2300.npy,0,0,0,0,0,0,0,0,1,1
melspec_2299.npy,1,0,0,0,0,0,0,0,1,0
melspec_2287.npy,0,0,0,0,1,0,0,0,1,0
melspec_2289.npy,1,0,0,0,1,0,0,0,1,0
melspec_2293.npy,0,0,1,0,0,0,0,0,1,0
melspec_2290.npy,0,0,0,0,0,0,0,0,1,0
melspec_2288.npy,1,0,0,0,0,0,0,0,1,0
melspec_2292.npy,1,0,0,1,1,0,0,0,1,0
melspec_229.npy,0,0,0,0,0,0,0,0,1,1
melspec_2286.npy,0,0,0,0,1,0,0,0,1,0
melspec_2291.npy,0,0,0,0,1,0,1,0,0,0
melspec_2374.npy,0,0,0,0,1,0,0,0,1,0
melspec_2369.npy,0,0,0,0,0,0,0,0,1,1
melspec_237.npy,0,0,0,1,0,0,1,0,1,0
melspec_2366.npy,0,0,0,1,0,0,0,0,0,0
melspec_2372.npy,0,0,0,0,0,1,0,0,1,0
melspec_2367.npy,0,0,1,0,0,0,0,0,1,0
melspec_2373.npy,0,0,0,0,1,0,0,0,1,0
melspec_2371.npy,0,0,1,0,0,0,0,0,1,0
melspec_2368.npy,0,0,0,0,0,0,0,0,1,0
melspec_2370.npy,0,0,0,0,0,0,1,0,1,0
melspec_2360.npy,0,0,0,1,0,0,0,0,1,0
melspec_236.npy,1,0,0,0,0,0,0,0,1,0
melspec_2358.npy,1,0,0,0,1,0,0,0,0,0
melspec_2364.npy,0,0,0,0,0,0,0,0,1,1
melspec_2362.npy,0,0,0,0,1,0,0,0,1,0
melspec_2365.npy,1,0,0,1,0,0,0,0,1,0
melspec_2361.npy,0,1,0,1,0,0,0,0,1,0
melspec_2357.npy,0,0,0,0,0,0,0,1,1,0
melspec_2359.npy,0,0,0,0,0,0,0,0,1,0
melspec_2363.npy,0,0,0,0,0,0,0,0,1,0
melspec_2348.npy,0,0,0,0,1,0,0,0,1,0
melspec_2354.npy,1,0,0,0,0,0,0,0,1,0
melspec_2353.npy,0,0,1,0,0,0,0,0,1,0
melspec_2356.npy,0,0,0,0,0,0,0,1,1,0
melspec_2352.npy,0,0,0,0,1,0,0,0,1,0
melspec_2350.npy,0,0,0,0,0,1,0,0,1,0
melspec_2349.npy,0,0,0,0,1,0,0,0,1,0
melspec_235.npy,1,0,0,1,1,0,0,0,1,0
melspec_2351.npy,0,0,0,1,0,0,1,0,1,0
melspec_2355.npy,0,0,0,0,0,0,0,0,1,0
melspec_2339.npy,0,1,0,0,0,0,0,1,1,0
melspec_2341.npy,1,0,0,0,0,0,0,0,1,0
melspec_2345.npy,0,0,0,0,1,0,0,0,1,0
melspec_234.npy,1,0,0,0,0,0,0,0,1,0
melspec_2344.npy,1,0,0,1,0,0,0,0,1,0
melspec_2340.npy,0,0,0,0,1,0,0,0,1,0
melspec_2343.npy,0,0,1,0,0,0,0,0,1,0
melspec_2346.npy,0,0,0,0,0,0,0,0,1,0
melspec_2342.npy,0,0,0,0,0,1,0,0,1,0
melspec_2347.npy,0,0,0,0,0,1,0,0,1,0
melspec_2338.npy,0,0,0,0,0,0,0,0,1,0
melspec_2330.npy,0,0,0,0,1,0,1,0,1,0
melspec_2335.npy,0,0,0,0,0,1,0,0,1,0
melspec_233.npy,0,0,0,0,0,1,0,0,1,0
melspec_2332.npy,0,0,0,0,0,0,0,0,1,0
melspec_2333.npy,0,0,0,0,0,0,0,1,1,0
melspec_2337.npy,1,0,0,0,0,0,0,0,1,0
melspec_2334.npy,0,0,0,1,0,0,0,0,1,0
melspec_2331.npy,0,0,0,1,0,0,1,0,1,0
melspec_2414.npy,0,0,0,0,0,1,0,0,1,0
melspec_2411.npy,1,0,0,0,0,0,0,0,1,0
melspec_2419.npy,0,0,1,0,1,0,0,0,1,0
melspec_2405.npy,0,0,0,1,0,0,0,0,1,0
melspec_2401.npy,0,0,0,0,0,0,0,0,0,0
melspec_241.npy,0,0,0,0,0,0,0,0,1,0
melspec_2409.npy,0,1,0,0,0,0,0,0,1,0
melspec_2406.npy,0,0,0,1,0,0,1,0,1,0
melspec_2403.npy,0,0,1,0,0,0,0,0,1,0
melspec_2408.npy,0,0,0,0,0,1,0,0,1,0
melspec_2407.npy,1,0,0,0,0,0,0,0,1,0
melspec_2404.npy,0,0,0,0,0,0,0,0,1,0
melspec_2402.npy,0,0,0,0,0,1,0,0,1,0
melspec_2395.npy,0,1,0,0,0,0,0,0,1,0
melspec_2393.npy,0,0,0,0,0,0,0,0,1,1
melspec_2400.npy,0,0,0,0,0,0,0,0,1,0
melspec_240.npy,1,0,0,0,0,0,0,0,1,0
melspec_2394.npy,1,0,0,0,1,0,0,1,1,0
melspec_2397.npy,0,0,0,0,0,0,0,0,1,0
melspec_2399.npy,1,0,0,1,0,0,0,0,1,0
melspec_2398.npy,0,0,0,1,0,0,0,0,1,0
melspec_24.npy,0,0,0,0,1,0,0,0,1,0
melspec_2396.npy,0,0,0,0,1,0,0,0,1,0
melspec_2384.npy,0,0,0,0,0,0,1,0,1,0
melspec_2392.npy,0,0,0,1,1,0,0,0,1,0
melspec_2390.npy,0,0,0,1,0,0,1,0,1,0
melspec_2385.npy,0,0,0,0,0,0,0,0,1,0
melspec_2388.npy,1,0,1,0,0,0,0,0,1,0
melspec_239.npy,0,0,0,1,0,0,0,0,1,0
melspec_2387.npy,0,0,0,1,0,0,0,0,1,0
melspec_2389.npy,0,0,0,0,0,1,0,0,1,0
melspec_2386.npy,0,0,0,1,0,0,0,0,1,0
melspec_2391.npy,0,0,0,0,0,0,0,0,0,0
melspec_2377.npy,0,0,0,0,0,0,0,0,1,0
melspec_2380.npy,1,0,0,1,0,0,1,0,1,0
melspec_2376.npy,0,0,1,0,1,0,0,0,1,0
melspec_2381.npy,0,0,0,1,0,0,0,0,1,0
melspec_2382.npy,0,0,0,0,0,0,0,0,1,0
melspec_238.npy,0,0,0,0,0,1,0,0,1,0
melspec_2378.npy,0,0,0,1,0,0,0,0,1,0
melspec_2379.npy,0,0,0,0,0,0,0,0,1,0
melspec_2383.npy,0,0,0,0,1,0,0,0,1,0
melspec_2375.npy,0,0,0,1,0,0,1,0,1,0
melspec_2447.npy,0,0,0,0,1,0,0,0,1,0
melspec_2453.npy,0,0,0,1,0,0,0,0,1,0
melspec_2454.npy,1,0,0,0,0,0,0,0,1,0
melspec_2451.npy,0,0,0,0,0,0,0,0,1,0
melspec_2452.npy,0,0,0,0,0,0,0,0,1,0
melspec_2450.npy,0,0,0,0,0,0,0,1,1,0
melspec_2448.npy,0,0,1,0,0,0,0,0,1,0
melspec_2455.npy,0,0,0,0,0,1,0,0,0,0
melspec_2449.npy,0,0,0,0,0,1,0,0,1,0
melspec_245.npy,0,0,0,1,0,0,0,0,1,0
melspec_2445.npy,0,0,0,0,0,0,0,0,1,0
melspec_2446.npy,0,0,0,1,0,0,1,0,0,0
melspec_2440.npy,0,0,0,1,0,0,0,0,1,0
melspec_2442.npy,0,0,0,0,0,0,0,0,1,0
melspec_2443.npy,1,0,0,0,0,0,0,0,1,0
melspec_244.npy,0,0,0,0,0,0,0,0,1,0
melspec_2441.npy,0,0,0,0,0,0,0,0,1,0
melspec_2444.npy,0,0,0,0,1,0,0,0,0,0
melspec_2438.npy,1,0,0,0,0,0,0,0,1,0
melspec_2439.npy,0,0,0,0,0,0,0,0,1,1
melspec_243.npy,1,0,0,0,0,0,0,0,1,0
melspec_2432.npy,0,1,0,0,0,0,0,0,1,0
melspec_2429.npy,1,0,0,0,0,0,0,0,1,0
melspec_2436.npy,1,0,0,0,0,0,0,0,1,0
melspec_2437.npy,0,0,0,1,1,0,0,0,1,0
melspec_2433.npy,0,0,0,0,0,0,0,0,1,0
melspec_2435.npy,1,0,0,0,0,0,0,0,1,0
melspec_2431.npy,0,1,0,0,0,0,0,0,1,0
melspec_2434.npy,0,0,0,1,0,0,1,0,1,0
melspec_2430.npy,0,0,0,0,0,0,0,0,1,0
melspec_2427.npy,1,0,0,0,0,0,0,0,1,0
melspec_242.npy,0,0,0,0,0,0,0,0,1,1
melspec_2420.npy,0,0,0,0,1,0,0,0,1,0
melspec_2424.npy,0,1,0,0,0,0,0,0,1,0
melspec_2422.npy,0,0,0,0,1,0,0,0,1,0
melspec_2426.npy,0,0,0,0,0,0,0,0,1,0
melspec_2425.npy,0,0,0,0,0,0,1,0,1,0
melspec_2421.npy,0,0,0,0,1,0,0,0,1,0
melspec_2423.npy,0,0,0,0,0,0,0,0,1,0
melspec_2428.npy,0,0,0,0,0,0,0,1,1,0
melspec_2413.npy,0,0,0,0,0,1,0,0,1,0
melspec_2418.npy,1,0,0,0,0,0,0,0,1,0
melspec_2412.npy,0,1,0,0,0,0,0,0,1,0
melspec_2417.npy,0,0,1,0,0,0,0,0,1,0
melspec_2410.npy,0,0,0,0,0,0,0,0,1,1
melspec_2415.npy,0,0,1,0,0,0,0,0,1,0
melspec_2416.npy,0,0,1,0,0,0,0,0,1,0
melspec_2493.npy,0,0,1,0,0,0,0,0,1,0
melspec_2495.npy,0,0,0,0,0,0,0,0,1,0
melspec_2498.npy,0,0,0,0,1,0,0,0,1,0
melspec_2484.npy,0,0,0,0,0,0,0,1,1,0
melspec_2485.npy,0,0,0,0,0,0,0,0,1,0
melspec_2489.npy,0,0,0,0,0,0,0,0,1,0
melspec_2491.npy,0,1,0,0,0,0,0,0,1,0
melspec_2486.npy,1,0,0,0,1,0,0,0,1,0
melspec_2487.npy,1,0,0,0,0,0,0,0,1,0
melspec_249.npy,0,0,0,0,0,0,0,1,1,0
melspec_2488.npy,1,0,0,0,0,0,0,0,1,0
melspec_2483.npy,0,0,0,0,0,1,0,0,1,0
melspec_2490.npy,0,0,0,0,0,0,0,0,1,0
melspec_2480.npy,0,0,0,1,0,0,0,0,1,0
melspec_2477.npy,1,0,0,0,1,0,0,0,1,0
melspec_2476.npy,0,0,0,1,0,0,1,0,1,0
melspec_2474.npy,0,0,0,0,0,0,0,0,1,0
melspec_2478.npy,0,0,0,0,0,1,0,0,1,0
melspec_248.npy,1,0,0,0,0,0,0,0,1,0
melspec_2481.npy,0,0,0,0,0,0,0,0,1,0
melspec_2475.npy,0,0,0,0,1,0,0,0,1,0
melspec_2479.npy,0,0,0,0,0,0,0,1,1,0
melspec_2482.npy,0,0,0,0,0,1,0,0,1,0
melspec_2473.npy,0,1,0,0,0,0,0,0,1,0
melspec_2471.npy,0,0,0,0,1,0,0,0,1,0
melspec_2468.npy,1,0,0,1,0,0,0,0,1,0
melspec_247.npy,0,0,0,0,0,1,0,0,0,1
melspec_2470.npy,0,0,0,1,0,0,0,0,1,0
melspec_2465.npy,0,0,0,0,1,0,0,0,1,0
melspec_2472.npy,0,0,0,0,0,1,0,0,1,0
melspec_2467.npy,0,0,0,1,0,0,1,0,1,0
melspec_2469.npy,0,0,0,0,1,0,0,0,1,0
melspec_2466.npy,0,0,0,0,0,0,0,1,0,0
melspec_2460.npy,0,0,0,0,1,0,0,0,1,0
melspec_2463.npy,0,0,0,0,0,0,0,0,1,1
melspec_2462.npy,0,0,0,0,0,0,0,0,1,1
melspec_246.npy,1,0,0,0,0,0,0,0,1,0
melspec_2461.npy,0,0,0,0,0,0,0,0,1,0
melspec_2464.npy,0,0,0,0,0,1,0,0,1,0
melspec_2456.npy,0,0,0,1,1,0,0,0,1,0
melspec_2459.npy,0,0,0,1,0,0,0,0,1,0
melspec_2458.npy,1,0,0,0,0,0,0,0,1,0
melspec_2457.npy,1,0,0,1,0,0,0,1,1,0
melspec_284.npy,0,0,0,1,0,0,0,0,1,0
melspec_283.npy,0,0,0,1,0,0,0,1,1,0
melspec_287.npy,1,0,0,0,0,1,0,0,1,0
melspec_280.npy,0,0,1,0,0,0,0,0,1,0
melspec_281.npy,1,0,0,0,0,0,0,0,1,0
melspec_28.npy,0,0,0,0,1,0,0,0,1,0
melspec_285.npy,1,0,0,0,0,0,0,0,1,0
melspec_282.npy,0,0,0,1,0,0,0,1,1,0
melspec_286.npy,0,0,1,0,1,0,0,0,1,0
melspec_279.npy,0,0,0,0,0,1,0,0,1,0
melspec_271.npy,1,0,0,0,0,0,0,0,1,0
melspec_27.npy,0,0,0,0,1,0,0,0,1,0
melspec_275.npy,0,0,0,0,0,0,0,0,1,0
melspec_277.npy,0,0,0,0,1,0,0,0,1,0
melspec_278.npy,0,0,0,1,0,0,0,0,1,0
melspec_272.npy,0,0,0,0,0,0,0,0,1,0
melspec_276.npy,0,0,1,0,0,0,0,0,1,0
melspec_274.npy,0,0,0,1,0,0,0,0,1,0
melspec_270.npy,1,0,0,1,0,0,0,0,1,0
melspec_273.npy,0,1,0,0,0,0,0,0,1,0
melspec_263.npy,0,0,1,0,0,0,0,0,1,0
melspec_261.npy,0,0,0,1,1,0,0,0,1,0
melspec_267.npy,0,0,0,0,0,1,0,0,1,0
melspec_269.npy,0,0,0,1,0,0,0,0,1,0
melspec_266.npy,0,0,0,1,0,0,0,0,1,0
melspec_260.npy,0,0,0,1,0,0,0,0,1,0
melspec_268.npy,0,0,0,1,1,0,0,0,1,0
melspec_262.npy,0,0,1,0,1,0,0,0,1,0
melspec_264.npy,1,0,0,0,0,1,0,0,1,0
melspec_265.npy,0,0,0,0,0,1,0,0,0,0
melspec_252.npy,0,1,0,1,0,0,0,0,0,0
melspec_251.npy,0,0,0,0,0,1,0,0,1,0
melspec_253.npy,0,0,1,0,0,0,0,0,1,0
melspec_26.npy,1,0,0,0,0,0,0,0,1,0
melspec_256.npy,0,0,0,0,0,0,0,0,1,0
melspec_258.npy,0,0,0,1,0,0,1,0,1,0
melspec_255.npy,0,0,0,1,0,0,0,0,1,0
melspec_259.npy,1,0,0,0,1,0,0,0,1,0
melspec_257.npy,1,0,0,0,0,0,0,0,1,0
melspec_254.npy,0,0,0,0,0,0,0,0,1,0
melspec_2499.npy,0,0,1,0,0,0,0,0,1,0
melspec_250.npy,0,0,0,0,0,0,0,0,1,0
melspec_2492.npy,1,0,0,0,0,0,0,0,1,0
melspec_2494.npy,0,0,0,0,0,0,0,0,1,0
melspec_2497.npy,0,0,0,0,0,0,1,0,1,0
melspec_2496.npy,0,0,0,0,0,0,0,0,1,0
melspec_25.npy,1,0,0,0,0,0,0,0,1,0
melspec_331.npy,0,0,0,1,0,0,0,0,1,0
melspec_323.npy,1,0,0,0,0,0,0,0,1,0
melspec_325.npy,0,0,0,1,0,0,1,0,1,0
melspec_315.npy,0,0,0,0,0,1,0,0,0,0
melspec_32.npy,0,0,0,1,0,0,0,0,1,0
melspec_317.npy,0,0,0,0,1,0,0,0,1,0
melspec_318.npy,0,0,0,1,0,0,0,0,1,0
melspec_322.npy,0,0,0,0,0,0,0,1,1,0
melspec_314.npy,1,0,1,0,0,0,0,0,1,0
melspec_316.npy,0,0,0,0,0,0,0,0,1,0
melspec_320.npy,0,0,0,0,0,0,0,0,0,0
melspec_319.npy,0,0,0,0,0,0,0,0,1,1
melspec_321.npy,0,0,0,0,0,0,0,0,1,0
melspec_308.npy,1,0,0,0,0,0,0,0,1,0
melspec_312.npy,0,0,0,0,1,0,0,0,0,1
melspec_307.npy,0,0,0,1,0,0,0,1,1,0
melspec_313.npy,0,0,0,0,1,0,0,0,1,0
melspec_31.npy,0,1,0,0,0,0,0,0,1,0
melspec_309.npy,0,0,0,1,1,0,0,0,1,0
melspec_310.npy,1,0,0,0,0,0,0,0,1,0
melspec_306.npy,0,0,0,1,0,0,1,0,1,0
melspec_311.npy,1,0,0,0,0,0,0,0,1,0
melspec_305.npy,0,0,0,1,0,0,0,0,1,0
melspec_3.npy,0,0,0,1,1,0,0,0,1,0
melspec_298.npy,0,0,0,0,0,0,0,0,1,0
melspec_297.npy,0,0,0,0,0,0,0,0,1,0
melspec_299.npy,0,0,0,1,0,0,0,0,1,0
melspec_304.npy,0,1,0,0,0,0,0,0,1,0
melspec_30.npy,0,0,1,0,0,0,0,0,1,0
melspec_302.npy,1,0,0,0,0,0,0,0,1,0
melspec_301.npy,1,0,0,0,0,0,0,0,1,0
melspec_300.npy,0,0,0,0,0,1,0,0,1,0
melspec_303.npy,0,1,0,0,0,0,0,0,1,0
melspec_289.npy,0,0,0,1,0,0,0,0,1,0
melspec_290.npy,0,0,0,0,0,1,0,0,1,0
melspec_294.npy,1,0,0,0,0,0,0,0,0,0
melspec_296.npy,0,0,0,1,0,0,1,0,1,0
melspec_292.npy,1,0,0,0,0,1,0,0,1,0
melspec_293.npy,0,1,0,0,0,0,0,0,1,0
melspec_29.npy,0,0,0,0,1,0,0,0,1,0
melspec_291.npy,0,0,1,0,0,0,0,0,1,0
melspec_295.npy,1,0,0,0,0,0,0,0,1,0
melspec_288.npy,0,0,0,0,0,1,0,0,1,0
melspec_372.npy,0,0,0,0,0,0,0,0,1,0
melspec_368.npy,0,0,0,0,0,1,0,0,1,0
melspec_366.npy,0,0,0,0,0,0,0,0,1,0
melspec_363.npy,0,0,0,0,0,0,0,0,1,1
melspec_362.npy,1,0,0,0,0,0,0,0,1,0
melspec_364.npy,0,1,0,0,0,0,0,0,1,0
melspec_360.npy,0,1,0,0,0,0,0,0,1,0
melspec_361.npy,0,0,0,0,0,0,0,0,1,1
melspec_36.npy,0,0,0,0,1,0,0,0,1,0
melspec_367.npy,0,0,0,0,0,1,0,0,1,0
melspec_365.npy,0,0,0,1,0,0,0,0,1,0
melspec_352.npy,0,0,0,0,1,0,0,0,1,0
melspec_353.npy,0,0,0,1,1,0,0,0,1,0
melspec_358.npy,1,0,0,0,0,0,0,0,1,0
melspec_351.npy,0,0,0,0,0,0,0,0,1,0
melspec_354.npy,0,0,0,1,0,0,0,0,1,0
melspec_356.npy,0,0,0,0,0,1,0,0,1,0
melspec_357.npy,0,1,0,0,0,0,0,0,1,0
melspec_355.npy,0,0,0,0,0,1,0,0,1,0
melspec_350.npy,0,0,0,0,1,0,0,0,1,0
melspec_359.npy,0,0,0,0,0,1,0,0,1,0
melspec_342.npy,0,1,0,0,0,0,0,0,0,0
melspec_343.npy,1,0,0,0,0,0,0,0,1,0
melspec_348.npy,1,0,0,0,0,0,0,0,1,0
melspec_347.npy,0,0,0,1,0,0,1,0,1,0
melspec_344.npy,0,0,0,0,0,1,0,0,1,0
melspec_346.npy,0,0,0,0,0,0,0,0,1,0
melspec_349.npy,0,0,1,0,0,0,0,0,1,0
melspec_35.npy,0,0,0,0,1,0,0,0,1,0
melspec_345.npy,0,1,0,0,0,0,0,0,1,0
melspec_341.npy,0,1,0,0,0,0,0,0,1,0
melspec_34.npy,0,0,0,1,0,0,0,0,1,1
melspec_335.npy,0,0,0,0,0,0,0,0,1,0
melspec_340.npy,0,0,1,0,0,0,0,0,1,0
melspec_336.npy,0,0,0,0,0,0,0,0,0,0
melspec_334.npy,1,0,0,0,0,0,0,0,1,0
melspec_332.npy,0,0,0,0,0,0,0,0,1,0
melspec_337.npy,0,0,1,1,0,0,0,0,1,0
melspec_338.npy,0,0,0,1,0,0,0,0,1,0
melspec_333.npy,0,0,0,0,0,1,0,0,1,0
melspec_339.npy,0,0,0,0,0,0,0,0,1,0
melspec_33.npy,0,0,0,0,0,0,0,0,1,1
melspec_326.npy,0,1,0,0,0,0,0,0,1,0
melspec_328.npy,0,0,0,0,0,0,0,0,0,0
melspec_329.npy,1,0,0,0,0,0,0,0,1,0
melspec_327.npy,0,0,0,0,0,0,0,1,1,0
melspec_324.npy,0,0,0,0,0,0,0,0,1,0
melspec_330.npy,0,0,0,1,0,0,0,0,1,0
melspec_407.npy,0,0,0,0,1,0,0,0,0,1
melspec_412.npy,0,0,0,0,0,0,0,1,1,0
melspec_409.npy,0,1,0,1,0,0,0,0,1,0
melspec_408.npy,0,0,0,0,1,0,0,0,1,0
melspec_404.npy,0,1,0,0,0,0,0,0,1,0
melspec_41.npy,0,1,0,0,0,0,0,0,0,0
melspec_410.npy,0,0,0,1,0,0,1,0,1,0
melspec_405.npy,0,0,0,0,0,0,0,0,1,0
melspec_40.npy,0,0,1,0,0,0,0,0,1,0
melspec_399.npy,0,1,0,0,0,0,0,0,1,0
melspec_401.npy,0,0,0,1,0,0,0,1,1,0
melspec_397.npy,0,0,0,0,0,0,0,0,0,0
melspec_402.npy,0,0,0,0,0,0,0,0,1,0
melspec_396.npy,0,1,0,0,0,0,0,0,1,0
melspec_398.npy,0,0,0,1,0,0,1,0,1,0
melspec_400.npy,1,0,0,0,1,0,0,0,1,0
melspec_4.npy,0,0,0,0,0,0,0,0,1,0
melspec_403.npy,0,0,0,0,0,0,0,1,1,0
melspec_392.npy,0,0,0,0,0,1,0,0,1,0
melspec_394.npy,1,0,0,0,0,0,0,0,1,0
melspec_395.npy,0,0,0,0,0,1,0,0,1,0
melspec_391.npy,1,0,0,0,0,0,0,0,1,0
melspec_387.npy,0,0,0,0,0,0,0,0,1,1
melspec_390.npy,0,0,0,0,0,1,0,0,1,0
melspec_39.npy,0,0,0,1,0,0,1,0,1,0
melspec_389.npy,0,0,0,0,1,0,0,0,1,0
melspec_388.npy,0,0,0,0,0,0,0,0,1,0
melspec_393.npy,0,0,0,1,0,0,0,0,1,0
melspec_384.npy,0,1,0,0,0,0,0,0,1,0
melspec_381.npy,0,0,1,0,0,0,0,0,1,0
melspec_379.npy,0,0,0,0,1,0,0,1,1,0
melspec_383.npy,0,0,0,0,0,0,0,0,1,0
melspec_382.npy,0,0,0,0,0,0,0,0,0,1
melspec_385.npy,0,0,0,0,0,1,0,0,1,0
melspec_380.npy,0,0,0,0,0,0,0,0,1,0
melspec_378.npy,0,0,0,0,0,0,0,0,1,1
melspec_38.npy,0,1,0,0,1,0,0,0,1,0
melspec_386.npy,0,1,0,0,0,0,0,0,1,0
melspec_376.npy,0,0,0,0,0,0,0,0,1,0
melspec_373.npy,0,0,0,0,0,1,0,0,1,0
melspec_371.npy,1,0,0,0,0,0,0,0,1,0
melspec_374.npy,0,0,0,1,0,0,0,0,1,0
melspec_369.npy,0,0,0,0,0,0,1,0,1,0
melspec_377.npy,1,0,0,0,0,0,0,0,1,0
melspec_370.npy,0,0,0,0,0,0,0,0,0,0
melspec_375.npy,0,0,0,0,0,0,0,0,1,0
melspec_37.npy,0,0,0,1,0,0,1,0,1,0
melspec_442.npy,1,0,0,1,0,0,0,0,0,0
melspec_449.npy,0,0,0,1,0,0,0,0,1,0
melspec_444.npy,0,0,1,0,1,0,0,0,1,0
melspec_448.npy,0,0,0,1,0,0,0,0,1,0
melspec_445.npy,0,0,0,0,0,0,0,0,1,0
melspec_441.npy,0,0,0,1,0,0,1,0,1,0
melspec_446.npy,0,0,0,0,0,1,0,0,1,0
melspec_440.npy,0,0,1,0,0,0,0,0,1,0
melspec_447.npy,0,0,0,0,1,0,0,0,1,0
melspec_443.npy,0,0,0,0,0,0,0,1,1,0
melspec_44.npy,0,0,0,0,0,0,0,0,1,1
melspec_437.npy,0,0,0,1,0,0,1,0,1,0
melspec_439.npy,0,0,0,0,0,0,0,0,1,1
melspec_438.npy,0,1,0,1,0,0,0,0,1,0
melspec_433.npy,0,0,1,0,0,0,0,0,1,0
melspec_434.npy,1,0,0,0,0,0,0,0,0,0
melspec_435.npy,0,0,0,0,0,0,0,0,1,0
melspec_432.npy,0,0,0,0,0,0,0,0,1,0
melspec_431.npy,1,0,0,0,0,0,0,0,1,0
melspec_436.npy,1,0,0,0,0,0,0,0,1,0
melspec_427.npy,0,0,0,0,0,0,0,0,1,0
melspec_426.npy,0,0,0,0,0,0,0,0,1,0
melspec_430.npy,0,0,0,0,0,0,0,0,1,1
melspec_425.npy,1,0,0,0,0,0,0,0,1,0
melspec_429.npy,0,0,0,0,0,0,0,0,1,0
melspec_422.npy,0,0,0,0,0,0,0,0,1,0
melspec_424.npy,0,1,0,0,0,0,0,0,1,0
melspec_43.npy,0,0,0,0,1,0,0,0,1,0
melspec_428.npy,0,0,0,1,0,0,0,1,1,0
melspec_423.npy,0,0,0,1,0,0,0,0,1,0
melspec_417.npy,1,0,0,0,0,0,0,0,1,0
melspec_414.npy,0,0,0,1,0,0,0,0,1,0
melspec_416.npy,0,0,0,0,0,0,0,0,1,0
melspec_421.npy,1,0,0,0,0,0,0,0,1,0
melspec_420.npy,0,0,0,0,0,0,0,0,1,0
melspec_419.npy,1,0,0,0,0,0,0,0,1,0
melspec_418.npy,0,0,0,0,0,0,0,0,1,0
melspec_42.npy,1,0,1,0,0,0,0,0,1,0
melspec_415.npy,1,0,0,0,0,0,0,0,1,0
melspec_413.npy,0,0,0,0,0,1,0,0,1,0
melspec_411.npy,0,0,0,0,0,0,0,1,1,0
melspec_406.npy,1,0,0,0,0,0,0,0,1,0
melspec_488.npy,0,0,0,0,1,0,0,0,1,0
melspec_485.npy,0,0,0,0,0,0,0,0,1,1
melspec_48.npy,0,0,0,0,0,1,0,0,1,0
melspec_479.npy,0,0,0,0,0,0,0,0,1,1
melspec_481.npy,0,0,0,1,0,0,0,0,1,0
melspec_477.npy,0,0,0,0,0,1,0,0,1,1
melspec_480.npy,0,0,0,0,0,0,0,0,1,0
melspec_484.npy,0,0,0,0,1,0,1,0,0,0
melspec_478.npy,1,0,0,0,0,0,0,0,1,0
melspec_483.npy,1,0,0,0,0,0,0,0,1,0
melspec_482.npy,1,0,0,1,0,0,0,0,1,0
melspec_469.npy,0,1,0,1,0,0,0,0,1,0
melspec_47.npy,0,0,0,1,1,0,0,0,1,0
melspec_470.npy,1,0,0,0,0,0,0,0,1,0
melspec_475.npy,0,0,0,0,0,0,0,0,1,0
melspec_472.npy,0,0,0,0,0,0,0,0,1,0
melspec_474.npy,0,0,0,0,0,0,0,0,1,0
melspec_476.npy,0,0,0,1,0,0,0,0,1,0
melspec_471.npy,1,0,0,0,1,0,0,0,1,0
melspec_468.npy,1,0,0,0,0,0,0,0,1,0
melspec_473.npy,0,0,0,0,1,0,0,0,1,0
melspec_466.npy,0,0,0,0,0,0,0,0,1,0
melspec_462.npy,0,0,0,1,0,0,0,0,1,0
melspec_463.npy,1,0,0,0,0,0,0,0,1,0
melspec_465.npy,0,0,0,0,0,1,0,0,1,0
melspec_461.npy,0,0,0,0,0,0,0,0,1,0
melspec_46.npy,0,0,0,1,0,0,0,0,1,0
melspec_464.npy,0,0,0,0,0,0,0,0,1,0
melspec_460.npy,0,0,0,0,0,0,0,0,1,0
melspec_459.npy,0,0,0,0,1,0,0,0,1,0
melspec_467.npy,1,0,0,0,1,0,0,0,1,0
melspec_453.npy,0,0,0,0,0,0,0,0,1,0
melspec_452.npy,0,1,0,0,0,0,0,0,1,0
melspec_455.npy,0,0,0,0,0,0,0,0,1,0
melspec_457.npy,0,0,0,0,0,0,0,1,1,0
melspec_45.npy,0,0,0,0,0,0,0,1,1,0
melspec_456.npy,0,0,0,0,0,0,0,0,1,0
melspec_450.npy,0,0,0,1,0,0,0,1,1,0
melspec_451.npy,0,0,0,0,0,0,0,0,1,0
melspec_458.npy,0,0,0,0,0,1,0,0,1,0
melspec_454.npy,0,0,0,0,0,0,0,1,1,0
melspec_53.npy,0,0,0,0,0,0,0,1,1,0
melspec_521.npy,0,0,0,0,0,0,0,0,1,1
melspec_525.npy,0,0,0,0,1,0,0,0,0,0
melspec_522.npy,1,0,0,0,0,0,0,0,1,0
melspec_526.npy,0,0,0,0,0,0,0,1,0,0
melspec_524.npy,0,0,0,0,0,0,0,0,1,1
melspec_527.npy,0,0,0,0,0,0,0,0,1,0
melspec_528.npy,1,0,0,0,0,0,0,1,1,0
melspec_529.npy,0,0,0,0,0,0,0,0,1,0
melspec_523.npy,0,0,0,0,1,0,0,0,1,0
melspec_514.npy,1,0,0,0,0,0,0,0,1,0
melspec_519.npy,1,0,0,0,0,0,0,0,1,0
melspec_52.npy,0,0,0,0,1,0,0,0,1,0
melspec_520.npy,0,0,0,0,0,0,0,0,1,0
melspec_518.npy,0,0,0,0,1,0,0,0,1,0
melspec_515.npy,0,0,0,0,1,0,0,0,1,0
melspec_512.npy,1,0,0,0,0,0,0,0,1,0
melspec_517.npy,0,0,0,1,0,0,0,0,1,0
melspec_513.npy,0,0,0,0,0,0,0,1,1,0
melspec_516.npy,0,0,0,0,0,0,0,0,1,0
melspec_505.npy,0,0,1,0,0,0,0,0,1,0
melspec_511.npy,0,0,0,0,0,0,0,0,1,1
melspec_51.npy,0,0,0,0,1,0,0,0,1,0
melspec_503.npy,0,0,0,1,0,0,0,1,1,0
melspec_507.npy,0,0,0,0,0,1,0,0,1,0
melspec_509.npy,1,0,0,0,0,0,0,0,1,0
melspec_504.npy,0,0,0,0,0,0,0,0,1,0
melspec_508.npy,0,0,0,1,1,0,0,0,1,0
melspec_506.npy,0,0,0,0,0,0,0,0,1,0
melspec_510.npy,0,0,0,1,0,0,0,0,1,0
melspec_499.npy,0,0,0,1,0,0,0,0,1,0
melspec_502.npy,0,0,0,0,1,0,0,0,1,0
melspec_50.npy,1,0,0,0,0,1,0,0,1,0
melspec_495.npy,0,0,0,0,0,0,1,0,1,0
melspec_5.npy,1,0,0,0,0,0,0,0,1,0
melspec_501.npy,0,0,0,0,1,0,0,0,1,0
melspec_500.npy,0,0,0,0,0,0,0,0,1,0
melspec_496.npy,0,0,0,1,0,0,1,0,1,0
melspec_497.npy,0,0,0,0,0,0,0,1,1,0
melspec_498.npy,0,0,0,0,0,0,0,0,1,1
melspec_49.npy,0,0,0,0,1,0,0,0,1,0
melspec_486.npy,0,0,0,0,0,0,0,0,1,0
melspec_489.npy,0,1,0,1,1,0,0,0,1,0
melspec_492.npy,0,0,0,0,1,0,0,1,1,0
melspec_494.npy,1,0,0,0,0,0,0,0,1,0
melspec_493.npy,1,0,0,0,0,0,0,0,1,0
melspec_487.npy,0,0,0,0,0,0,0,0,1,0
melspec_490.npy,0,0,0,0,0,0,0,0,1,0
melspec_491.npy,0,0,0,0,0,1,0,0,1,0
melspec_57.npy,0,0,0,0,0,0,0,0,1,1
melspec_567.npy,0,0,0,0,0,0,0,0,1,1
melspec_571.npy,0,0,0,0,0,0,0,0,1,1
melspec_562.npy,1,0,0,0,0,0,0,0,0,0
melspec_56.npy,1,0,0,0,1,0,0,0,1,0
melspec_564.npy,1,0,0,0,0,0,0,0,1,0
melspec_565.npy,1,0,0,0,0,0,0,0,1,0
melspec_566.npy,0,0,0,0,1,0,0,0,1,0
melspec_563.npy,1,0,0,0,0,0,0,0,1,0
melspec_559.npy,0,0,0,0,1,0,0,0,1,0
melspec_561.npy,1,0,0,0,0,0,0,0,1,0
melspec_560.npy,0,0,0,1,0,0,0,0,1,0
melspec_558.npy,0,0,1,0,0,0,0,0,1,0
melspec_553.npy,0,1,0,0,0,0,0,0,1,0
melspec_550.npy,0,0,0,0,0,0,0,1,1,0
melspec_557.npy,0,0,0,1,0,0,0,0,1,0
melspec_55.npy,0,0,1,0,0,0,0,0,1,0
melspec_554.npy,0,0,0,1,0,0,1,0,1,0
melspec_556.npy,0,0,0,0,0,0,0,0,1,0
melspec_551.npy,0,0,0,1,1,0,0,0,1,0
melspec_555.npy,0,0,0,1,0,0,1,0,1,0
melspec_552.npy,0,0,0,0,0,0,0,0,1,0
melspec_549.npy,0,0,0,1,0,0,0,0,0,0
melspec_548.npy,0,0,0,0,0,0,0,0,1,1
melspec_544.npy,0,0,0,0,0,0,0,0,1,1
melspec_542.npy,0,0,0,0,0,0,1,0,1,0
melspec_543.npy,1,0,0,0,0,0,0,0,1,0
melspec_540.npy,0,0,0,0,0,1,0,0,1,0
melspec_545.npy,0,0,0,0,0,0,0,0,1,0
melspec_547.npy,0,0,0,1,0,0,0,0,1,0
melspec_541.npy,0,0,0,0,0,0,0,0,1,0
melspec_546.npy,1,0,0,0,1,0,0,0,1,0
melspec_54.npy,0,0,0,0,1,0,0,0,1,0
melspec_537.npy,0,0,0,0,1,0,0,0,1,0
melspec_534.npy,0,0,0,1,0,0,0,0,0,0
melspec_530.npy,0,0,0,0,0,0,0,0,1,0
melspec_535.npy,0,0,0,0,1,0,0,0,1,0
melspec_538.npy,0,0,0,0,0,0,0,0,1,1
melspec_539.npy,1,0,0,0,0,0,0,0,1,0
melspec_536.npy,1,0,0,0,0,0,0,0,0,0
melspec_531.npy,1,0,0,0,0,0,0,0,1,0
melspec_533.npy,0,0,0,0,0,0,0,0,1,0
melspec_532.npy,0,0,0,0,0,1,0,0,1,0
melspec_610.npy,0,0,0,0,0,0,0,0,1,0
melspec_606.npy,0,0,0,1,1,0,0,0,1,0
melspec_607.npy,1,0,0,0,0,0,0,0,1,0
melspec_603.npy,0,0,0,0,0,1,0,0,1,0
melspec_608.npy,0,0,0,0,0,0,0,0,1,0
melspec_602.npy,0,0,1,0,0,0,0,0,1,0
melspec_609.npy,0,0,0,0,0,0,0,0,1,0
melspec_605.npy,0,0,0,0,0,0,0,0,1,0
melspec_604.npy,0,0,0,0,0,0,0,0,0,1
melspec_61.npy,0,0,0,0,0,0,0,1,1,0
melspec_596.npy,0,0,0,0,0,0,0,0,1,0
melspec_597.npy,1,0,0,0,0,0,0,0,0,0
melspec_598.npy,1,0,0,0,0,0,0,0,1,0
melspec_60.npy,0,0,0,0,0,0,0,0,1,0
melspec_6.npy,0,1,0,0,1,0,0,0,1,0
melspec_600.npy,0,0,0,0,0,0,0,0,1,0
melspec_595.npy,0,0,0,0,0,0,0,1,1,0
melspec_599.npy,0,0,0,0,0,1,0,0,1,0
melspec_601.npy,0,0,0,0,0,0,0,0,1,0
melspec_594.npy,0,0,0,0,0,0,0,0,1,0
melspec_585.npy,0,0,0,0,0,0,0,0,1,0
melspec_593.npy,0,0,0,0,0,0,0,0,1,0
melspec_586.npy,0,0,0,1,0,0,1,0,1,0
melspec_589.npy,1,0,0,0,0,0,0,0,1,0
melspec_588.npy,0,0,0,1,0,0,1,0,1,0
melspec_590.npy,0,0,0,0,1,0,0,0,1,0
melspec_587.npy,0,0,0,1,0,0,0,0,1,0
melspec_591.npy,0,0,1,0,0,0,0,0,1,0
melspec_592.npy,0,0,0,0,0,0,0,1,1,0
melspec_59.npy,0,0,0,1,0,0,0,0,1,0
melspec_577.npy,0,0,1,0,0,0,0,0,0,0
melspec_578.npy,1,0,0,0,0,0,0,0,1,0
melspec_581.npy,0,0,0,0,1,0,0,0,1,0
melspec_580.npy,0,0,0,0,1,0,0,0,1,0
melspec_582.npy,0,0,0,0,0,0,0,0,1,0
melspec_579.npy,0,0,0,0,1,0,0,0,1,0
melspec_583.npy,1,0,0,0,1,0,0,0,1,0
melspec_58.npy,0,0,0,1,0,0,0,0,1,0
melspec_584.npy,0,0,0,0,1,0,0,0,1,0
melspec_576.npy,1,0,0,0,0,0,0,0,1,0
melspec_572.npy,0,0,0,0,0,0,0,0,1,0
melspec_575.npy,1,0,0,0,0,0,0,0,1,0
melspec_573.npy,0,0,0,1,0,0,0,0,1,0
melspec_568.npy,1,0,0,0,0,0,0,0,1,0
melspec_569.npy,0,0,0,0,0,0,0,0,1,0
melspec_574.npy,0,0,0,0,1,0,0,0,1,0
melspec_570.npy,0,0,1,0,0,0,0,0,1,0
melspec_650.npy,0,0,0,1,0,0,1,0,1,0
melspec_649.npy,1,0,0,1,1,0,0,0,1,0
melspec_653.npy,1,0,0,0,0,0,0,0,1,0
melspec_652.npy,1,0,0,0,0,0,0,0,1,0
melspec_651.npy,0,0,0,0,0,0,0,0,1,0
melspec_65.npy,0,0,0,1,0,0,0,0,1,0
melspec_654.npy,0,1,0,0,0,0,0,0,1,0
melspec_655.npy,0,0,0,0,0,0,1,0,1,0
melspec_656.npy,1,0,0,0,0,0,0,0,1,0
melspec_647.npy,0,0,0,0,0,0,0,0,1,0
melspec_644.npy,0,0,0,1,0,0,0,0,1,0
melspec_645.npy,0,0,0,0,0,0,0,0,1,0
melspec_64.npy,1,0,0,1,0,0,0,0,1,0
melspec_639.npy,0,0,0,1,0,0,1,0,1,0
melspec_643.npy,0,0,0,1,0,0,0,0,1,0
melspec_640.npy,0,0,0,0,0,1,0,0,1,0
melspec_642.npy,0,0,0,1,1,0,0,0,1,0
melspec_641.npy,1,0,0,0,0,0,0,0,0,0
melspec_646.npy,0,0,0,0,0,0,0,0,1,0
melspec_638.npy,0,0,0,0,1,0,0,0,1,0
melspec_63.npy,0,0,0,0,0,0,0,0,1,0
melspec_634.npy,0,0,0,1,0,0,1,0,1,0
melspec_635.npy,0,0,0,1,0,0,0,0,1,0
melspec_633.npy,0,0,0,0,0,0,0,0,1,0
melspec_636.npy,0,0,0,0,0,0,0,0,1,0
melspec_630.npy,0,0,0,0,0,0,1,0,1,0
melspec_632.npy,0,0,0,0,0,0,0,1,1,0
melspec_631.npy,0,0,0,1,0,0,0,0,1,0
melspec_637.npy,1,0,0,0,0,0,0,0,1,0
melspec_628.npy,0,0,0,0,0,0,0,1,1,0
melspec_629.npy,0,0,0,1,1,0,0,0,0,0
melspec_624.npy,1,0,0,0,0,0,0,0,1,0
melspec_623.npy,0,0,0,1,0,0,1,0,1,0
melspec_621.npy,0,0,0,0,0,0,0,0,1,0
melspec_626.npy,0,0,0,0,1,0,0,0,1,0
melspec_625.npy,0,0,0,1,0,0,0,0,1,0
melspec_620.npy,1,0,0,0,0,0,0,0,1,0
melspec_622.npy,1,0,1,0,0,0,0,0,1,0
melspec_627.npy,0,0,0,0,0,0,0,0,1,0
melspec_617.npy,0,0,0,0,0,0,0,0,1,0
melspec_618.npy,0,0,0,1,1,0,0,0,1,0
melspec_613.npy,0,0,0,0,1,0,0,0,1,0
melspec_615.npy,0,0,0,0,1,0,0,1,1,0
melspec_616.npy,0,0,0,0,0,0,1,0,1,0
melspec_619.npy,0,0,0,0,0,0,0,0,1,0
melspec_614.npy,0,0,0,0,0,0,0,0,1,0
melspec_612.npy,0,0,0,1,0,0,0,0,1,0
melspec_62.npy,1,0,0,0,0,0,0,0,1,0
melspec_611.npy,0,0,1,0,0,0,0,0,1,0
melspec_700.npy,0,0,0,0,0,0,0,0,1,0
melspec_691.npy,0,0,0,0,0,0,0,0,1,0
melspec_687.npy,0,0,0,0,0,0,0,1,0,0
melspec_688.npy,1,0,0,1,0,0,0,0,1,0
melspec_690.npy,1,0,0,0,0,0,0,0,1,0
melspec_69.npy,0,0,0,0,0,0,0,0,1,0
melspec_684.npy,1,0,0,0,0,0,0,0,1,0
melspec_686.npy,0,1,0,0,0,0,0,0,1,0
melspec_692.npy,0,0,0,0,0,1,0,0,1,0
melspec_689.npy,0,0,1,0,0,0,0,0,1,0
melspec_685.npy,0,0,0,0,0,0,0,0,1,0
melspec_675.npy,1,0,0,0,0,0,0,0,1,0
melspec_68.npy,1,0,0,0,0,0,0,0,1,0
melspec_678.npy,0,0,0,1,0,0,1,0,1,0
melspec_679.npy,1,0,0,0,0,0,0,0,1,0
melspec_681.npy,0,0,0,0,0,0,0,0,1,0
melspec_683.npy,0,0,0,1,1,0,0,0,0,0
melspec_680.npy,0,0,0,0,1,0,0,0,1,0
melspec_676.npy,0,0,1,0,0,0,0,0,1,0
melspec_682.npy,0,0,0,0,1,0,0,0,1,0
melspec_677.npy,0,0,0,0,1,0,0,0,1,0
melspec_672.npy,0,0,0,0,0,0,0,0,1,0
melspec_67.npy,0,0,0,0,1,0,0,0,1,0
melspec_673.npy,0,1,0,0,0,0,0,0,1,0
melspec_670.npy,0,0,0,0,0,0,0,0,0,1
melspec_669.npy,0,0,0,1,0,0,0,0,1,0
melspec_667.npy,0,0,0,1,0,0,0,0,1,0
melspec_668.npy,0,1,0,0,0,0,0,0,1,0
melspec_674.npy,0,1,0,0,0,0,0,0,1,0
melspec_666.npy,0,0,0,0,0,0,0,0,1,0
melspec_671.npy,0,0,0,0,0,0,0,0,1,0
melspec_658.npy,1,0,0,0,0,0,0,0,1,0
melspec_657.npy,0,0,0,0,0,0,0,0,1,0
melspec_664.npy,1,0,0,0,0,0,0,0,1,0
melspec_661.npy,0,0,0,0,0,0,0,0,1,0
melspec_659.npy,0,0,0,0,0,0,0,0,0,0
melspec_662.npy,0,1,0,0,0,0,0,0,1,0
melspec_665.npy,0,0,0,1,1,0,0,0,1,0
melspec_66.npy,0,0,0,1,0,0,1,1,1,0
melspec_663.npy,0,1,0,0,0,0,0,0,1,0
melspec_660.npy,0,0,0,0,1,0,0,0,1,0
melspec_648.npy,0,0,0,0,0,0,1,0,1,0
melspec_733.npy,0,0,0,0,0,0,0,0,1,0
melspec_732.npy,0,0,0,0,0,1,0,0,1,0
melspec_734.npy,0,0,0,1,0,0,0,0,1,0
melspec_731.npy,1,0,0,0,0,0,0,0,1,0
melspec_729.npy,0,0,0,0,0,1,0,0,1,0
melspec_735.npy,0,0,0,0,0,1,0,0,1,1
melspec_730.npy,0,0,1,0,0,0,0,0,1,0
melspec_737.npy,0,0,1,0,0,0,0,0,1,0
melspec_736.npy,0,0,0,0,0,1,0,0,1,0
melspec_73.npy,1,0,0,0,1,0,0,0,0,0
melspec_72.npy,0,0,0,0,0,0,0,0,1,1
melspec_723.npy,0,0,0,0,0,1,0,0,1,0
melspec_727.npy,0,0,0,0,1,0,0,0,1,0
melspec_726.npy,0,0,0,0,0,0,0,0,1,0
melspec_722.npy,0,0,0,1,1,0,0,0,1,0
melspec_724.npy,0,0,0,0,0,0,0,1,1,0
melspec_721.npy,0,0,1,0,0,0,0,0,1,0
melspec_720.npy,0,0,0,0,0,0,0,0,1,0
melspec_728.npy,0,0,0,0,1,0,0,0,1,0
melspec_725.npy,0,0,1,0,0,0,0,0,1,0
melspec_711.npy,0,0,0,0,0,0,0,0,1,1
melspec_718.npy,0,0,0,0,1,0,0,0,1,0
melspec_713.npy,0,1,0,0,0,0,0,0,1,0
melspec_710.npy,1,0,0,0,0,0,0,0,1,0
melspec_719.npy,0,0,0,0,1,0,0,0,1,0
melspec_716.npy,0,0,0,0,0,0,0,0,1,0
melspec_714.npy,0,0,0,0,0,0,0,0,1,0
melspec_717.npy,1,0,0,0,1,0,0,0,1,0
melspec_715.npy,0,0,0,0,0,0,0,0,1,0
melspec_712.npy,0,0,0,1,1,0,0,0,1,0
melspec_707.npy,0,0,0,1,0,0,0,0,1,0
melspec_706.npy,0,0,0,0,0,0,0,0,1,0
melspec_709.npy,0,0,0,0,0,1,0,0,1,0
melspec_703.npy,0,0,0,1,0,0,0,0,1,0
melspec_708.npy,0,0,0,0,0,0,0,0,1,1
melspec_702.npy,0,0,0,0,0,1,0,0,1,0
melspec_71.npy,0,0,0,0,0,0,1,0,1,0
melspec_704.npy,0,0,0,0,0,0,0,0,1,1
melspec_701.npy,0,0,0,0,0,0,0,0,1,0
melspec_705.npy,0,0,0,0,1,0,0,0,1,0
melspec_7.npy,0,0,1,0,0,0,0,0,1,0
melspec_697.npy,1,0,0,0,0,0,0,0,1,0
melspec_696.npy,0,0,0,1,0,0,0,0,1,0
melspec_698.npy,0,1,0,1,0,0,0,0,1,0
melspec_695.npy,0,0,1,0,0,0,0,0,1,0
melspec_694.npy,1,0,0,0,0,0,0,0,0,0
melspec_70.npy,0,0,0,0,0,1,0,0,1,0
melspec_699.npy,0,0,0,0,0,1,0,0,1,0
melspec_693.npy,0,0,0,1,1,0,0,0,1,0
melspec_777.npy,0,0,0,0,0,1,0,0,1,0
melspec_774.npy,0,1,0,0,0,0,0,0,1,0
melspec_780.npy,1,0,0,0,0,0,0,0,1,0
melspec_766.npy,0,0,0,0,1,0,0,0,1,0
melspec_767.npy,0,0,0,0,0,0,0,1,1,0
melspec_765.npy,0,1,0,0,0,0,0,0,1,0
melspec_773.npy,0,0,0,1,0,0,0,0,1,0
melspec_772.npy,0,0,0,0,0,0,0,0,1,1
melspec_771.npy,0,0,0,1,0,0,0,0,0,0
melspec_77.npy,0,0,0,0,0,1,0,0,1,0
melspec_769.npy,0,0,0,0,1,0,0,0,1,0
melspec_770.npy,0,0,0,0,0,0,0,0,1,0
melspec_768.npy,0,0,0,0,0,0,0,1,1,0
melspec_759.npy,0,0,0,0,1,0,0,0,1,0
melspec_761.npy,0,0,0,0,1,0,0,0,1,0
melspec_758.npy,1,0,0,0,0,0,0,0,1,0
melspec_76.npy,1,0,0,0,1,0,0,0,0,0
melspec_756.npy,0,0,0,0,0,0,0,0,1,1
melspec_764.npy,0,0,0,0,0,0,0,0,1,0
melspec_760.npy,0,0,0,0,0,0,0,0,1,1
melspec_762.npy,0,0,0,0,0,0,0,0,1,0
melspec_763.npy,0,0,0,0,0,0,0,1,1,0
melspec_757.npy,0,0,0,1,0,0,0,0,1,0
melspec_750.npy,0,0,1,0,0,0,0,0,1,0
melspec_751.npy,0,0,0,1,0,0,0,0,1,0
melspec_752.npy,0,1,0,0,0,0,0,0,1,0
melspec_748.npy,0,0,0,1,0,0,0,0,1,0
melspec_747.npy,0,0,0,1,0,0,0,0,1,0
melspec_753.npy,0,0,0,0,0,0,0,0,1,1
melspec_75.npy,0,0,0,0,0,0,0,1,1,0
melspec_755.npy,0,0,0,1,0,0,0,0,1,0
melspec_754.npy,0,0,0,1,0,0,1,0,1,0
melspec_749.npy,0,0,0,0,1,0,0,0,1,0
melspec_739.npy,0,0,0,0,0,1,0,0,1,0
melspec_744.npy,0,0,0,0,0,1,0,0,1,1
melspec_740.npy,0,0,0,0,0,1,0,0,1,0
melspec_746.npy,1,0,0,0,0,0,0,0,1,0
melspec_738.npy,1,0,0,0,1,0,0,0,1,0
melspec_742.npy,0,0,0,0,0,0,0,0,0,1
melspec_741.npy,0,0,0,0,0,0,0,0,1,0
melspec_74.npy,0,0,0,0,0,0,0,0,1,0
melspec_745.npy,1,0,0,0,0,0,0,0,1,0
melspec_743.npy,0,0,0,0,0,1,0,0,1,0
melspec_815.npy,0,0,0,1,0,0,0,0,1,0
melspec_816.npy,0,0,0,0,0,0,0,0,1,1
melspec_810.npy,0,0,0,0,1,0,0,1,1,0
melspec_811.npy,1,0,0,0,0,0,0,0,1,0
melspec_814.npy,0,0,0,1,0,0,0,0,1,0
melspec_817.npy,0,0,0,0,0,0,0,0,1,0
melspec_818.npy,0,0,0,0,0,0,0,0,1,1
melspec_812.npy,0,0,0,0,0,1,0,0,1,0
melspec_813.npy,0,0,0,0,0,0,0,0,1,0
melspec_81.npy,0,0,0,0,0,0,0,1,0,0
melspec_801.npy,1,0,0,0,1,0,0,1,1,0
melspec_808.npy,0,0,0,0,0,0,0,1,1,0
melspec_802.npy,1,0,0,0,0,0,0,0,1,0
melspec_809.npy,0,0,0,0,0,1,0,0,1,0
melspec_807.npy,0,0,0,0,0,0,0,0,1,0
melspec_806.npy,0,0,0,1,0,0,0,0,1,0
melspec_803.npy,0,1,0,0,0,0,0,1,1,0
melspec_805.npy,0,0,0,0,0,0,0,0,1,0
melspec_804.npy,0,0,0,0,0,0,0,1,1,0
melspec_800.npy,0,0,1,0,0,0,0,0,1,0
melspec_8.npy,1,0,0,0,0,0,0,0,1,0
melspec_799.npy,0,0,0,0,1,0,0,0,1,0
melspec_795.npy,0,0,0,1,0,0,1,0,1,0
melspec_797.npy,0,0,0,0,0,1,0,0,1,0
melspec_792.npy,0,0,0,1,0,0,1,0,1,0
melspec_794.npy,0,0,0,0,1,0,0,0,1,0
melspec_796.npy,0,0,0,0,0,0,0,0,1,0
melspec_793.npy,0,0,0,0,0,0,0,1,0,0
melspec_798.npy,0,0,0,0,0,1,0,0,0,0
melspec_80.npy,0,0,0,1,0,0,0,0,1,0
melspec_788.npy,0,0,0,0,0,0,0,0,1,0
melspec_790.npy,0,0,0,0,0,1,0,0,1,0
melspec_787.npy,0,0,0,1,0,0,0,0,1,0
melspec_785.npy,0,0,1,0,0,0,0,0,1,0
melspec_786.npy,0,0,0,0,0,0,1,0,1,0
melspec_791.npy,0,0,0,1,0,0,1,0,1,0
melspec_789.npy,0,0,1,0,0,0,0,0,1,0
melspec_784.npy,0,0,0,0,0,0,0,0,1,1
melspec_79.npy,0,1,0,0,0,0,0,0,1,0
melspec_783.npy,0,0,0,0,0,0,0,0,1,1
melspec_781.npy,0,0,0,0,0,0,0,0,1,1
melspec_778.npy,1,0,0,0,0,0,0,0,1,0
melspec_776.npy,0,0,0,1,0,0,0,0,1,0
melspec_782.npy,0,0,0,0,0,0,0,0,1,0
melspec_775.npy,1,0,0,0,0,1,0,0,1,0
melspec_78.npy,1,0,0,0,1,0,0,0,1,0
melspec_779.npy,0,0,0,0,0,0,0,0,1,0
melspec_86.npy,0,0,0,0,0,0,0,0,1,0
melspec_859.npy,0,0,0,1,0,0,0,0,1,0
melspec_861.npy,0,0,0,1,0,0,0,0,1,0
melspec_846.npy,0,0,0,0,0,1,0,0,1,0
melspec_847.npy,0,0,0,0,0,0,0,0,1,0
melspec_852.npy,1,0,0,0,0,0,0,0,0,0
melspec_849.npy,1,0,0,0,0,0,0,0,1,0
melspec_853.npy,1,0,0,1,0,0,1,0,1,0
melspec_854.npy,0,0,0,0,0,1,0,0,1,0
melspec_85.npy,0,0,0,0,0,0,0,0,1,0
melspec_848.npy,0,0,0,0,0,1,0,0,1,0
melspec_850.npy,0,0,0,0,0,0,0,0,1,0
melspec_851.npy,1,0,0,0,0,0,0,0,1,0
melspec_838.npy,0,0,0,0,1,0,0,1,1,0
melspec_845.npy,1,0,0,0,1,0,0,0,1,0
melspec_839.npy,0,0,0,1,0,0,1,0,1,0
melspec_837.npy,0,0,0,0,1,0,0,0,1,0
melspec_842.npy,0,0,0,0,1,0,0,0,0,0
melspec_841.npy,1,0,0,0,1,0,0,0,1,0
melspec_840.npy,0,0,0,1,0,0,1,0,1,0
melspec_843.npy,0,0,1,0,0,0,0,0,1,0
melspec_844.npy,0,0,0,0,0,1,0,0,1,0
melspec_84.npy,0,0,0,0,0,0,0,0,1,1
melspec_831.npy,0,0,0,0,0,0,0,0,0,1
melspec_834.npy,0,0,0,1,0,0,1,0,1,0
melspec_833.npy,0,0,0,0,0,0,0,0,1,0
melspec_828.npy,1,0,0,0,0,0,0,0,1,0
melspec_832.npy,0,1,0,0,0,0,0,0,1,0
melspec_836.npy,1,0,0,0,0,0,0,1,1,0
melspec_835.npy,0,0,0,0,0,0,0,1,1,0
melspec_830.npy,0,0,0,1,1,0,1,0,1,0
melspec_829.npy,0,0,0,1,0,0,0,0,1,0
melspec_83.npy,1,0,0,0,0,0,0,0,1,0
melspec_827.npy,0,0,0,0,0,1,0,0,1,0
melspec_821.npy,1,0,0,0,0,0,0,0,0,0
melspec_826.npy,0,0,1,0,0,0,0,0,1,0
melspec_822.npy,1,0,0,0,0,0,0,0,1,0
melspec_820.npy,0,0,0,0,0,0,0,0,0,1
melspec_82.npy,1,0,0,0,0,0,0,0,1,0
melspec_823.npy,0,1,0,0,0,0,0,0,1,0
melspec_824.npy,0,1,0,0,1,0,0,0,1,0
melspec_825.npy,1,0,0,0,0,0,0,0,1,0
melspec_819.npy,0,0,0,1,0,0,1,0,1,0
melspec_894.npy,0,0,0,1,0,0,0,0,1,0
melspec_899.npy,0,1,0,0,0,0,0,0,1,0
melspec_893.npy,0,0,0,1,0,0,0,0,1,0
melspec_897.npy,0,0,0,0,0,0,0,0,0,0
melspec_891.npy,0,0,0,0,1,0,0,0,1,0
melspec_892.npy,0,0,1,0,0,0,0,0,1,0
melspec_896.npy,0,0,1,0,0,0,0,0,1,0
melspec_9.npy,0,0,0,1,0,0,0,0,1,0
melspec_895.npy,0,0,0,1,0,0,0,0,1,0
melspec_898.npy,0,0,0,0,0,0,1,0,1,0
melspec_887.npy,0,0,0,0,0,1,0,0,1,0
melspec_889.npy,0,1,0,0,0,0,0,0,1,0
melspec_886.npy,0,1,0,0,0,0,0,0,1,0
melspec_883.npy,0,0,0,0,0,1,0,0,1,0
melspec_888.npy,0,0,0,0,0,0,0,0,1,0
melspec_89.npy,0,0,0,0,0,0,0,0,1,0
melspec_890.npy,0,0,1,0,0,0,0,0,1,0
melspec_885.npy,1,0,0,0,1,0,0,0,1,0
melspec_882.npy,0,0,1,0,0,0,0,0,1,0
melspec_884.npy,0,0,0,0,0,0,0,0,1,1
melspec_875.npy,0,0,0,0,0,0,0,1,1,0
melspec_880.npy,0,0,0,0,0,0,0,0,1,0
melspec_878.npy,0,0,0,1,0,0,0,0,1,0
melspec_877.npy,0,1,0,1,0,0,0,0,1,0
melspec_874.npy,0,0,0,1,0,0,0,1,1,0
melspec_873.npy,0,0,0,0,1,0,0,0,1,0
melspec_88.npy,0,0,0,0,1,0,0,0,1,0
melspec_881.npy,0,0,0,0,0,0,0,0,1,0
melspec_876.npy,0,0,0,0,0,0,0,1,1,0
melspec_879.npy,0,0,0,1,0,0,1,0,1,0
melspec_870.npy,0,0,0,1,0,0,0,0,1,0
melspec_865.npy,0,0,0,0,0,0,0,0,1,0
melspec_868.npy,0,0,0,0,0,0,0,0,1,0
melspec_871.npy,0,0,0,1,0,0,0,0,1,0
melspec_866.npy,1,0,0,0,0,0,0,0,1,0
melspec_872.npy,1,0,0,0,0,0,0,0,1,0
melspec_869.npy,0,0,0,0,0,0,0,0,1,0
melspec_87.npy,0,0,0,0,0,0,0,0,1,0
melspec_864.npy,0,0,0,0,0,1,0,0,1,0
melspec_867.npy,0,0,0,0,1,0,0,1,1,0
melspec_856.npy,0,0,0,0,0,1,0,0,1,0
melspec_857.npy,0,0,1,0,0,0,0,0,1,0
melspec_855.npy,0,0,0,1,0,0,1,0,1,0
melspec_860.npy,0,0,0,0,0,0,0,0,1,0
melspec_858.npy,0,0,0,0,0,1,0,0,1,0
melspec_862.npy,0,0,0,1,0,0,0,1,1,0
melspec_863.npy,0,0,1,0,0,0,0,0,1,0
melspec_943.npy,0,0,0,0,0,0,0,1,1,0
melspec_942.npy,0,0,0,0,0,0,0,0,1,1
melspec_938.npy,0,0,0,1,0,0,0,0,1,0
melspec_929.npy,0,0,0,0,0,0,0,0,1,0
melspec_927.npy,0,1,0,0,0,0,0,0,1,0
melspec_934.npy,0,0,0,0,0,0,0,0,1,0
melspec_932.npy,0,0,0,0,0,0,0,0,1,0
melspec_930.npy,1,0,0,0,1,0,0,0,1,0
melspec_935.npy,0,0,0,0,1,0,1,0,1,0
melspec_933.npy,0,1,0,0,0,0,0,0,1,0
melspec_928.npy,1,0,0,0,0,0,0,0,1,0
melspec_931.npy,0,0,0,0,0,0,0,0,1,0
melspec_93.npy,0,0,0,0,0,1,0,0,1,0
melspec_92.npy,1,0,0,0,0,0,0,0,1,0
melspec_924.npy,0,0,0,1,0,0,0,1,1,0
melspec_921.npy,1,0,0,0,0,0,0,0,1,0
melspec_925.npy,0,1,0,0,0,0,0,0,1,0
melspec_919.npy,0,0,0,0,0,0,0,1,1,0
melspec_922.npy,0,0,0,1,0,0,1,0,1,0
melspec_926.npy,0,1,0,0,0,0,0,0,1,0
melspec_923.npy,0,0,0,1,0,0,0,0,1,0
melspec_918.npy,0,1,0,0,0,0,0,0,1,0
melspec_920.npy,0,0,0,0,0,0,0,0,1,0
melspec_913.npy,0,0,0,0,0,0,0,1,1,0
melspec_912.npy,0,0,0,1,0,0,0,0,1,0
melspec_917.npy,0,0,0,0,1,0,0,0,0,1
melspec_914.npy,0,0,0,1,0,0,0,0,1,0
melspec_91.npy,0,0,0,0,0,1,0,1,1,0
melspec_911.npy,1,0,0,0,0,1,0,0,1,0
melspec_910.npy,0,0,0,0,0,0,0,0,1,0
melspec_909.npy,0,0,0,1,0,1,0,0,1,0
melspec_916.npy,0,0,0,0,0,0,0,0,1,0
melspec_915.npy,0,0,0,0,0,0,0,0,1,1
melspec_902.npy,0,0,0,0,0,0,0,0,1,0
melspec_901.npy,0,0,0,0,0,0,1,0,1,0
melspec_900.npy,1,0,0,0,0,0,0,0,0,0
melspec_90.npy,1,0,0,0,1,0,0,0,1,0
melspec_904.npy,0,0,0,1,0,0,0,0,1,0
melspec_905.npy,1,0,0,0,0,0,0,0,1,0
melspec_906.npy,0,0,0,0,1,0,1,0,1,0
melspec_908.npy,0,0,0,0,0,0,0,0,1,0
melspec_903.npy,0,0,0,0,0,0,0,0,1,0
melspec_907.npy,0,1,0,0,0,0,0,0,1,0
melspec_975.npy,0,0,0,0,0,1,0,0,1,0
melspec_976.npy,0,0,0,0,0,0,0,0,1,0
melspec_978.npy,0,0,0,0,0,0,1,0,1,0
melspec_977.npy,0,0,0,1,0,0,0,0,1,0
melspec_972.npy,0,0,0,0,0,1,0,0,1,0
melspec_98.npy,1,0,0,0,0,0,0,1,1,0
melspec_979.npy,1,0,0,0,0,0,0,0,1,0
melspec_973.npy,0,0,0,0,1,0,0,0,1,0
melspec_974.npy,0,0,0,0,0,1,0,0,0,0
melspec_980.npy,0,0,0,0,0,0,0,0,1,1
melspec_970.npy,0,0,1,0,0,0,0,0,1,0
melspec_964.npy,1,0,0,0,0,0,0,0,1,0
melspec_967.npy,1,0,0,0,0,0,0,0,1,0
melspec_97.npy,0,0,0,0,0,0,0,0,1,1
melspec_968.npy,1,0,0,0,0,1,0,0,1,0
melspec_971.npy,0,0,0,0,1,0,0,0,1,0
melspec_965.npy,0,0,0,1,0,0,1,0,0,0
melspec_966.npy,0,0,0,0,0,0,0,0,1,0
melspec_969.npy,0,0,0,0,0,1,0,0,1,0
melspec_963.npy,0,0,0,1,0,0,0,0,1,0
melspec_955.npy,0,0,0,0,0,0,0,1,1,0
melspec_961.npy,0,0,0,1,0,0,1,0,1,0
melspec_956.npy,0,0,0,1,0,0,1,0,1,0
melspec_958.npy,0,0,0,0,0,0,0,0,1,0
melspec_959.npy,0,0,0,0,0,1,0,0,1,0
melspec_96.npy,0,0,0,0,0,0,0,0,1,0
melspec_957.npy,0,1,0,1,0,0,0,0,0,0
melspec_954.npy,0,0,0,0,0,0,0,0,1,0
melspec_960.npy,0,0,0,1,0,0,1,0,1,0
melspec_962.npy,0,0,0,0,1,0,0,0,1,0
melspec_945.npy,0,0,0,0,0,1,0,0,1,0
melspec_950.npy,0,0,0,1,0,0,0,0,1,0
melspec_949.npy,0,0,0,0,0,0,1,0,0,0
melspec_947.npy,0,0,0,0,1,0,0,0,1,0
melspec_948.npy,1,0,0,1,0,0,0,0,1,0
melspec_953.npy,0,0,0,0,1,0,0,0,1,0
melspec_951.npy,0,0,0,0,0,0,0,0,1,0
melspec_946.npy,0,0,0,0,0,0,0,0,1,0
melspec_952.npy,0,0,0,0,0,0,0,0,1,0
melspec_95.npy,0,0,0,1,0,0,1,0,1,0
melspec_944.npy,0,0,0,0,0,0,0,0,1,1
melspec_94.npy,0,0,0,0,0,1,0,0,1,0
melspec_937.npy,0,0,0,0,0,0,0,0,1,0
melspec_936.npy,0,0,1,0,0,0,0,0,1,0
melspec_939.npy,0,0,0,0,1,0,0,1,1,0
melspec_941.npy,1,0,0,0,0,0,0,0,1,1
melspec_940.npy,1,0,0,0,0,1,0,0,1,0
melspec_997.npy,0,0,0,1,0,0,0,0,1,0
melspec_995.npy,1,0,0,1,0,0,0,0,1,0
melspec_992.npy,1,0,0,0,1,0,1,0,1,0
melspec_994.npy,1,0,0,0,1,0,0,0,1,0
melspec_998.npy,0,0,0,0,0,0,0,0,1,0
melspec_996.npy,0,0,0,0,0,0,0,0,1,1
melspec_991.npy,0,0,0,0,0,0,0,0,1,1
melspec_999.npy,0,0,0,0,0,0,0,0,1,0
melspec_990.npy,0,0,0,1,0,0,0,0,1,0
melspec_993.npy,0,0,0,1,0,0,0,0,1,0
melspec_982.npy,0,0,1,0,0,0,0,0,1,0
melspec_987.npy,0,0,1,0,0,0,0,0,1,0
melspec_986.npy,0,0,0,0,1,0,0,0,1,0
melspec_989.npy,0,0,0,0,0,0,0,0,0,1
melspec_981.npy,1,0,0,0,0,0,0,0,1,0
melspec_988.npy,0,0,0,0,0,0,0,0,1,0
melspec_984.npy,0,0,0,1,0,0,1,0,1,0
melspec_983.npy,0,0,0,1,0,0,0,0,1,0
melspec_99.npy,0,0,0,0,0,0,0,0,1,0
melspec_985.npy,0,0,0,1,0,0,0,1,1,0
